Player,Tm,FantPos,Age,G,GS,Cmp,QBAtt,QBYds,QBY/A,QBTD,Int,RBAtt,RBYds,Y/A,RBTD,Tgt,Rec,WRYds,Y/R,WRTD,Fmb,FL,TOTTD,2PM,2PP,FantPt,PPRPt,DKPt,FDPt,VBD,PosRank,QBTD/G,Cmp/G,QBAtt/G,QBYds/G,Int/G,RBAtt/G,RBYds/G,Rec/G,WRYds/G,WRTD/G,Fmb/G,TOTTD/G,2PM/G,FantPt/G,PPR/G,QBPt/G,RBPt/G,WRPt/G,WRPPRPt/G,QB,RB,WR,TE,3Cat,6Cat
DaviTe00,DEN,RB,26,16,16,0,0,0,0.0,0,0,392,2008,5.12,21,38.0,25,217,8.68,2,2,2.0,23,0.0,0.0,357.0,381.5,389.5,369.0,233.0,1,0.0,0.0,0.0,0.0,0.0,24.5,125.5,1.56,13.56,0.12,0.12,1.44,0.0,22.31,23.84,0.0,20.18,2.11,3.67,0,1,0,0,2,4
AndeJa00,ATL,RB,26,16,16,0,2,0,0.0,0,0,410,1846,4.5,14,46.0,27,319,11.81,2,5,2.0,16,1.0,0.0,311.0,337.5,345.5,324.0,187.0,2,0.0,0.0,0.12,0.0,0.0,25.62,115.38,1.69,19.94,0.12,0.31,1.0,0.06,19.44,21.09,0.0,16.54,2.74,4.43,0,1,0,0,2,4
YounSt00,SFO,QB,37,15,15,322,517,4170,8.07,36,12,70,454,6.49,6,0.0,0,0,0.0,0,9,6.0,6,0.0,4.0,364.0,364.2,388.2,376.2,168.0,1,2.4,21.47,34.47,278.0,0.8,4.67,30.27,0.0,0.0,0.0,0.6,0.4,0.0,24.27,24.28,19.12,4.63,0.0,0.0,1,0,0,0,2,4
FaulMa00,IND,RB,25,16,15,0,0,0,0.0,0,0,324,1319,4.07,6,106.0,86,908,10.56,4,3,2.0,10,0.0,0.0,279.0,364.7,372.7,321.7,155.0,3,0.0,0.0,0.0,0.0,0.0,20.25,82.44,5.38,56.75,0.25,0.19,0.62,0.0,17.44,22.79,0.0,10.24,7.18,12.55,0,1,0,0,2,3
TaylFr00,JAX,RB,22,15,12,0,0,0,0.0,0,0,264,1223,4.63,14,53.0,44,421,9.57,3,3,2.0,17,0.0,0.0,262.0,306.4,314.4,284.4,139.0,4,0.0,0.0,0.0,0.0,0.0,17.6,81.53,2.93,28.07,0.2,0.2,1.13,0.0,17.47,20.43,0.0,13.49,4.01,6.94,0,1,0,0,2,3
HearGa00,SFO,RB,27,16,16,0,0,0,0.0,0,0,310,1570,5.06,7,56.0,39,535,13.72,2,4,3.0,9,1.0,0.0,261.0,299.5,308.5,280.0,137.0,5,0.0,0.0,0.0,0.0,0.0,19.38,98.12,2.44,33.44,0.12,0.25,0.56,0.06,16.31,18.72,0.0,12.06,4.09,6.53,0,1,0,0,2,3
MossRa00,MIN,WR,21,16,11,0,0,0,0.0,0,0,1,4,4.0,0,124.0,69,1313,19.03,17,2,0.0,17,2.0,0.0,238.0,306.7,309.7,272.2,113.0,1,0.0,0.0,0.0,0.0,0.0,0.06,0.25,4.31,82.06,1.06,0.12,1.06,0.12,14.88,19.17,0.0,0.02,14.58,18.89,0,0,1,0,2,3
SmitEm00,DAL,RB,29,16,16,0,0,0,0.0,0,0,319,1332,4.18,13,32.0,27,175,6.48,2,3,2.0,15,0.0,0.0,237.0,263.7,271.7,250.2,113.0,6,0.0,0.0,0.0,0.0,0.0,19.94,83.25,1.69,10.94,0.12,0.19,0.94,0.0,14.81,16.48,0.0,12.95,1.84,3.53,0,1,0,0,2,3
FreeAn00,GNB,WR,26,15,15,0,0,0,0.0,0,0,3,5,1.67,0,153.0,84,1424,16.95,14,0,0.0,14,1.0,0.0,229.0,312.9,315.9,270.9,105.0,2,0.0,0.0,0.0,0.0,0.0,0.2,0.33,5.6,94.93,0.93,0.0,0.93,0.07,15.27,20.86,0.0,0.03,15.09,20.69,0,0,1,0,2,3
WattRi00,SEA,RB,29,16,16,1,1,1,1.0,1,0,319,1239,3.88,9,73.0,52,373,7.17,0,4,2.0,9,1.0,0.0,217.0,269.2,277.2,243.2,94.0,7,0.06,0.06,0.06,0.06,0.0,19.94,77.44,3.25,23.31,0.0,0.25,0.56,0.06,13.56,16.82,0.25,10.87,2.33,5.58,0,1,0,0,2,3
MartCu00,NYJ,RB,25,15,15,0,0,0,0.0,0,0,369,1287,3.49,8,57.0,43,365,8.49,1,5,1.0,9,0.0,0.0,217.0,260.2,267.2,238.7,94.0,8,0.0,0.0,0.0,0.0,0.0,24.6,85.8,2.87,24.33,0.07,0.33,0.6,0.0,14.47,17.35,0.0,11.65,2.83,5.7,0,1,0,0,2,3
CunnRa00,MIN,QB,35,15,14,259,425,3704,8.72,34,10,32,132,4.13,1,1.0,1,-3,-3.0,0,2,1.0,1,1.0,2.0,287.0,288.1,305.1,297.6,91.0,2,2.27,17.27,28.33,246.93,0.67,2.13,8.8,0.07,-0.2,0.0,0.13,0.07,0.07,19.13,19.21,17.61,1.15,-0.02,0.05,1,0,0,0,2,3
OwenTe00,SFO,WR,25,16,10,0,0,0,0.0,0,0,4,53,13.25,1,104.0,67,1097,16.37,14,1,1.0,15,1.0,0.0,205.0,272.0,276.0,238.5,81.0,3,0.0,0.0,0.0,0.0,0.0,0.25,3.31,4.19,68.56,0.88,0.06,0.94,0.06,12.81,17.0,0.0,0.58,12.11,16.29,0,0,1,0,2,3
SandBa00,DET,RB,30,16,16,0,0,0,0.0,0,0,343,1491,4.35,4,57.0,37,289,7.81,0,3,2.0,4,0.0,0.0,198.0,235.0,243.0,216.5,75.0,10,0.0,0.0,0.0,0.0,0.0,21.44,93.19,2.31,18.06,0.0,0.19,0.25,0.0,12.38,14.69,0.0,10.57,1.81,4.12,0,1,0,0,2,2
GeorEd00,TEN,RB,25,16,16,0,0,0,0.0,0,0,348,1294,3.72,5,49.0,37,310,8.38,1,7,1.0,6,1.0,0.0,196.0,233.4,240.4,214.9,73.0,11,0.0,0.0,0.0,0.0,0.0,21.75,80.88,2.31,19.38,0.06,0.44,0.38,0.06,12.25,14.59,0.0,9.84,2.31,4.62,0,1,0,0,2,2
SmitRo00,MIN,RB,26,14,14,0,0,0,0.0,0,0,249,1187,4.77,6,35.0,28,291,10.39,2,1,1.0,8,0.0,0.0,194.0,221.8,228.8,207.8,70.0,12,0.0,0.0,0.0,0.0,0.0,17.79,84.79,2.0,20.79,0.14,0.07,0.57,0.0,13.86,15.84,0.0,10.91,2.94,4.94,0,1,0,0,2,2
SharSh00,DEN,TE,30,16,16,0,0,0,0.0,0,0,0,0,0.0,0,107.0,64,768,12.0,10,0,0.0,10,0.0,0.0,137.0,200.8,203.8,168.8,70.0,1,0.0,0.0,0.0,0.0,0.0,0.0,0.0,4.0,48.0,0.62,0.0,0.62,0.0,8.56,12.55,0.0,0.0,8.55,12.55,0,0,0,1,2,2
FavrBr00,GNB,QB,29,16,16,347,551,4212,7.64,31,23,40,133,3.33,1,0.0,0,0,0.0,0,8,2.0,1,0.0,1.0,264.0,263.8,294.8,286.8,68.0,3,1.94,21.69,34.44,263.25,1.44,2.5,8.31,0.0,0.0,0.0,0.5,0.06,0.0,16.5,16.49,15.4,0.96,0.0,0.0,1,0,0,0,2,3
MoulEr00,BUF,WR,25,16,15,0,0,0,0.0,0,0,0,0,0.0,0,116.0,67,1368,20.42,9,0,0.0,9,0.0,0.0,191.0,257.8,260.8,224.3,66.0,4,0.0,0.0,0.0,0.0,0.0,0.0,0.0,4.19,85.5,0.56,0.0,0.56,0.0,11.94,16.11,0.0,0.0,11.92,16.11,0,0,1,0,2,2
StalDu00,PHI,RB,23,16,13,0,0,0,0.0,0,0,258,1065,4.13,5,70.0,57,432,7.58,1,2,0.0,6,0.0,0.0,186.0,242.7,248.7,214.2,62.0,13,0.0,0.0,0.0,0.0,0.0,16.12,66.56,3.56,27.0,0.06,0.12,0.38,0.0,11.62,15.17,0.0,8.53,3.08,6.64,0,1,0,0,2,2
JohnKe00,NYJ,WR,26,16,16,0,0,0,0.0,0,0,2,60,30.0,1,149.0,83,1131,13.63,10,0,0.0,11,0.0,0.0,185.0,268.1,271.1,226.6,61.0,5,0.0,0.0,0.0,0.0,0.0,0.12,3.75,5.19,70.69,0.62,0.0,0.69,0.0,11.56,16.76,0.0,0.75,10.82,16.01,0,0,1,0,2,2
MathTe00,ATL,WR,31,16,16,0,0,0,0.0,0,0,1,-6,-6.0,0,114.0,64,1136,17.75,11,0,0.0,11,0.0,0.0,179.0,243.0,246.0,211.0,55.0,6,0.0,0.0,0.0,0.0,0.0,0.06,-0.38,4.0,71.0,0.69,0.0,0.69,0.0,11.19,15.19,0.0,-0.04,11.22,15.22,0,0,1,0,2,2
GallJo00,SEA,WR,27,16,16,0,0,0,0.0,0,0,9,26,2.89,0,132.0,65,1047,16.11,10,1,1.0,12,0.0,0.0,177.0,242.3,246.3,209.8,53.0,7,0.0,0.0,0.0,0.0,0.0,0.56,1.62,4.06,65.44,0.62,0.06,0.75,0.0,11.06,15.14,0.0,0.04,10.29,14.36,0,0,1,0,2,2
MurrAd00,ARI,RB,28,15,14,0,0,0,0.0,0,0,274,1042,3.8,8,27.0,18,169,9.39,2,6,3.0,10,0.0,0.0,175.0,193.1,202.1,184.1,52.0,14,0.0,0.0,0.0,0.0,0.0,18.27,69.47,1.2,11.27,0.13,0.4,0.67,0.0,11.67,12.87,0.0,9.75,1.93,3.13,0,1,0,0,2,2
McNaSt00,TEN,QB,25,16,16,289,492,3228,6.56,15,10,77,559,7.26,4,0.0,0,0,0.0,0,5,1.0,4,0.0,0.0,247.0,247.0,264.0,257.0,51.0,4,0.94,18.06,30.75,201.75,0.62,4.81,34.94,0.0,0.0,0.0,0.31,0.25,0.0,15.44,15.44,10.57,4.87,0.0,0.0,1,0,0,0,2,3
CartCr00,MIN,WR,33,16,16,0,0,0,0.0,0,0,1,-1,-1.0,0,125.0,78,1011,12.96,12,0,0.0,12,0.0,0.0,173.0,251.0,254.0,212.0,49.0,8,0.0,0.0,0.0,0.0,0.0,0.06,-0.06,4.88,63.19,0.75,0.0,0.75,0.0,10.81,15.69,0.0,-0.01,10.82,15.69,0,0,1,0,2,2
TestVi00,NYJ,QB,35,14,13,259,421,3256,7.73,29,7,24,104,4.33,1,0.0,0,0,0.0,0,7,3.0,1,0.0,0.0,243.0,242.6,258.6,249.6,47.0,5,2.07,18.5,30.07,232.57,0.5,1.71,7.43,0.0,0.0,0.0,0.5,0.07,0.0,17.36,17.33,16.59,0.74,0.0,0.0,1,0,0,0,2,3
SmitRo01,DEN,WR,28,16,16,1,1,14,14.0,0,0,6,63,10.5,0,139.0,86,1222,14.21,6,0,0.0,7,0.0,0.0,171.0,257.1,260.1,214.1,47.0,9,0.0,0.06,0.06,0.88,0.0,0.38,3.94,5.38,76.38,0.38,0.0,0.44,0.0,10.69,16.07,0.04,0.39,9.89,15.26,0,0,1,0,2,2
RiceJe00,SFO,WR,36,16,16,0,0,0,0.0,0,0,0,0,0.0,0,151.0,82,1157,14.11,9,2,2.0,9,2.0,0.0,170.0,251.7,256.7,210.7,45.0,10,0.0,0.0,0.0,0.0,0.0,0.0,0.0,5.12,72.31,0.56,0.12,0.56,0.12,10.62,15.73,0.0,-0.25,10.61,15.73,0,0,1,0,2,2
McCaEd00,DEN,WR,30,15,15,0,0,0,0.0,0,0,0,0,0.0,0,99.0,64,1053,16.45,10,1,0.0,10,1.0,0.0,167.0,231.3,234.3,199.3,43.0,11,0.0,0.0,0.0,0.0,0.0,0.0,0.0,4.27,70.2,0.67,0.07,0.67,0.07,11.13,15.42,0.0,0.0,11.02,15.29,0,0,1,0,2,2
SmitJi00,JAX,WR,29,16,15,0,0,0,0.0,0,0,0,0,0.0,0,133.0,78,1182,15.15,8,2,1.0,8,0.0,0.0,164.0,242.2,246.2,203.2,40.0,12,0.0,0.0,0.0,0.0,0.0,0.0,0.0,4.88,73.88,0.5,0.12,0.5,0.0,10.25,15.14,0.0,-0.12,10.39,15.26,0,0,1,0,2,2
HolmPr00,BAL,RB,25,16,13,0,1,0,0.0,0,1,233,1008,4.33,7,62.0,43,260,6.05,0,3,3.0,7,0.0,0.0,161.0,203.8,213.8,183.3,37.0,15,0.0,0.0,0.06,0.0,0.06,14.56,63.0,2.69,16.25,0.0,0.19,0.44,0.0,10.06,12.74,-0.12,8.55,1.62,4.31,0,1,0,0,2,2
CleeCa00,NOR,TE,23,16,16,0,0,0,0.0,0,0,0,0,0.0,0,88.0,54,684,12.67,6,1,0.0,6,0.0,0.0,104.0,158.4,161.4,131.4,37.0,2,0.0,0.0,0.0,0.0,0.0,0.0,0.0,3.38,42.75,0.38,0.06,0.38,0.0,6.5,9.9,0.0,0.0,6.52,9.9,0,0,0,1,1,1
CoatBe00,NWE,TE,29,14,14,0,0,0,0.0,0,0,0,0,0.0,0,95.0,67,668,9.97,6,0,0.0,6,0.0,0.0,103.0,169.8,172.8,136.3,36.0,3,0.0,0.0,0.0,0.0,0.0,0.0,0.0,4.79,47.71,0.43,0.0,0.43,0.0,7.36,12.13,0.0,0.0,7.34,12.13,0,0,0,1,1,1
DillCo00,CIN,RB,24,15,15,0,0,0,0.0,0,0,262,1130,4.31,4,44.0,28,178,6.36,1,2,2.0,5,0.0,0.0,157.0,184.8,192.8,170.8,33.0,16,0.0,0.0,0.0,0.0,0.0,17.47,75.33,1.87,11.87,0.07,0.13,0.33,0.0,10.47,12.32,0.0,8.87,1.59,3.45,0,1,0,0,2,2
SmitAn00,BUF,RB,26,16,14,0,0,0,0.0,0,0,300,1124,3.75,8,11.0,5,11,2.2,0,5,3.0,8,0.0,0.0,156.0,160.5,166.5,158.0,32.0,17,0.0,0.0,0.0,0.0,0.0,18.75,70.25,0.31,0.69,0.0,0.31,0.5,0.0,9.75,10.03,0.0,9.65,0.07,0.38,0,1,0,0,2,2
ChreWa00,NYJ,WR,25,16,15,0,0,0,0.0,0,0,0,0,0.0,0,115.0,75,1083,14.44,8,0,0.0,8,0.0,0.0,156.0,231.3,234.3,193.8,32.0,13,0.0,0.0,0.0,0.0,0.0,0.0,0.0,4.69,67.69,0.5,0.0,0.5,0.0,9.75,14.46,0.0,0.0,9.77,14.46,0,0,1,0,2,2
BrowTi00,OAK,WR,32,16,16,0,0,0,0.0,0,0,1,-7,-7.0,0,153.0,81,1012,12.49,9,3,0.0,9,0.0,0.0,155.0,235.5,238.5,195.0,30.0,14,0.0,0.0,0.0,0.0,0.0,0.06,-0.44,5.06,63.25,0.56,0.19,0.56,0.0,9.69,14.72,0.0,-0.04,9.7,14.76,0,0,1,0,2,2
MartTo00,ATL,WR,33,16,16,0,1,0,0.0,0,0,0,0,0.0,0,131.0,66,1181,17.89,6,0,0.0,6,0.0,0.0,154.0,220.1,223.1,187.1,30.0,15,0.0,0.0,0.06,0.0,0.0,0.0,0.0,4.12,73.81,0.38,0.0,0.38,0.0,9.62,13.76,0.0,0.0,9.63,13.76,0,0,1,0,2,2
ChanCh00,ATL,QB,33,14,14,190,327,3154,9.65,25,12,36,121,3.36,2,1.0,1,22,22.0,0,6,2.0,2,0.0,0.0,224.0,225.5,245.5,237.0,29.0,6,1.79,13.57,23.36,225.29,0.86,2.57,8.64,0.07,1.57,0.0,0.43,0.14,0.0,16.0,16.11,14.44,1.44,0.16,0.23,1,0,0,0,2,3
IsmaRa00,CAR,WR,29,16,15,0,0,0,0.0,0,0,3,42,14.0,0,121.0,69,1024,14.84,8,2,1.0,8,0.0,0.0,153.0,221.6,225.6,187.1,28.0,16,0.0,0.0,0.0,0.0,0.0,0.19,2.62,4.31,64.0,0.5,0.12,0.5,0.0,9.56,13.85,0.0,0.14,9.4,13.71,0,0,1,0,2,2
DunnWa00,TAM,RB,23,16,14,0,0,0,0.0,0,0,245,1026,4.19,2,57.0,44,344,7.82,0,1,0.0,2,0.0,0.0,149.0,193.0,199.0,171.0,26.0,18,0.0,0.0,0.0,0.0,0.0,15.31,64.12,2.75,21.5,0.0,0.06,0.12,0.0,9.31,12.06,0.0,7.16,2.15,4.9,0,1,0,0,2,2
GreeTr00,WAS,QB,28,15,14,278,509,3441,6.76,23,11,42,117,2.79,2,2.0,2,-8,-4.0,0,14,6.0,2,0.0,1.0,221.0,222.5,245.5,232.5,25.0,7,1.53,18.53,33.93,229.4,0.73,2.8,7.8,0.13,-0.53,0.0,0.93,0.13,0.0,14.73,14.83,13.84,0.78,-0.05,0.08,1,0,0,0,2,3
McDuO.00,MIA,WR,29,16,16,0,0,0,0.0,0,0,3,11,3.67,0,165.0,90,1050,11.67,7,0,0.0,7,0.0,0.0,148.0,238.1,241.1,193.1,24.0,17,0.0,0.0,0.0,0.0,0.0,0.19,0.69,5.62,65.62,0.44,0.0,0.44,0.0,9.25,14.88,0.0,0.07,9.19,14.81,0,0,1,0,2,2
AlstMi00,TAM,RB,25,16,16,0,1,0,0.0,0,0,215,846,3.93,8,30.0,22,152,6.91,1,5,5.0,9,0.0,0.0,144.0,165.8,176.8,154.8,20.0,19,0.0,0.0,0.06,0.0,0.0,13.44,52.88,1.38,9.5,0.06,0.31,0.56,0.0,9.0,10.36,0.0,7.66,1.32,2.7,0,1,0,0,2,2
BettJe00,PIT,RB,26,15,15,0,0,0,0.0,0,0,316,1185,3.75,3,23.0,16,90,5.63,0,2,1.0,3,0.0,0.0,144.0,159.5,163.5,151.5,20.0,20,0.0,0.0,0.0,0.0,0.0,21.07,79.0,1.07,6.0,0.0,0.13,0.2,0.0,9.6,10.63,0.0,8.97,0.6,1.67,0,1,0,0,2,2
WychFr00,TEN,TE,27,16,16,0,0,0,0.0,0,0,0,0,0.0,0,91.0,70,768,10.97,2,2,1.0,2,0.0,0.0,87.0,156.8,160.8,121.8,20.0,4,0.0,0.0,0.0,0.0,0.0,0.0,0.0,4.38,48.0,0.12,0.12,0.12,0.0,5.44,9.8,0.0,-0.12,5.55,9.93,0,0,0,1,1,1
DudlRi00,OAK,TE,26,16,15,0,0,0,0.0,0,0,1,-2,-2.0,0,77.0,36,549,15.25,5,1,1.0,5,1.0,0.0,85.0,120.7,124.7,102.7,18.0,5,0.0,0.0,0.0,0.0,0.0,0.06,-0.12,2.25,34.31,0.31,0.06,0.31,0.06,5.31,7.54,0.0,-0.14,5.31,7.56,0,0,0,1,1,1
PlumJa00,ARI,QB,24,16,16,324,547,3737,6.83,17,20,51,217,4.25,4,0.0,0,0,0.0,0,12,5.0,4,0.0,0.0,213.0,213.2,244.2,233.2,17.0,8,1.06,20.25,34.19,233.56,1.25,3.19,13.56,0.0,0.0,0.0,0.75,0.25,0.0,13.31,13.32,11.09,2.23,0.0,0.0,1,0,0,0,2,3
AbduKa00,MIA,RB,24,15,15,0,0,0,0.0,0,0,270,960,3.56,6,31.0,21,102,4.86,0,2,1.0,6,0.0,0.0,140.0,161.2,168.2,150.7,17.0,21,0.0,0.0,0.0,0.0,0.0,18.0,64.0,1.4,6.8,0.0,0.13,0.4,0.0,9.33,10.75,0.0,8.67,0.68,2.08,0,1,0,0,2,2
GlovAn00,MIN,TE,31,16,12,0,0,0,0.0,0,0,0,0,0.0,0,59.0,35,522,14.91,5,0,0.0,5,0.0,0.0,82.0,117.2,120.2,99.7,15.0,6,0.0,0.0,0.0,0.0,0.0,0.0,0.0,2.19,32.62,0.31,0.0,0.31,0.0,5.12,7.32,0.0,0.0,5.14,7.32,0,0,0,1,1,1
BrowGa00,NYG,RB,29,16,11,0,0,0,0.0,0,0,247,1063,4.3,5,26.0,13,36,2.77,0,1,1.0,5,0.0,0.0,138.0,150.9,154.9,144.4,15.0,22,0.0,0.0,0.0,0.0,0.0,15.44,66.44,0.81,2.25,0.0,0.06,0.31,0.0,8.62,9.43,0.0,8.39,0.22,1.04,0,1,0,0,2,2
WallWe00,CAR,TE,32,14,14,0,0,0,0.0,0,0,0,0,0.0,0,78.0,49,506,10.33,5,0,0.0,5,0.0,0.0,81.0,129.6,132.6,105.1,14.0,7,0.0,0.0,0.0,0.0,0.0,0.0,0.0,3.5,36.14,0.36,0.0,0.36,0.0,5.79,9.26,0.0,0.0,5.76,9.26,0,0,0,1,1,1
JoneFr00,SDG,TE,24,16,16,0,0,0,0.0,0,0,0,0,0.0,0,111.0,57,602,10.56,3,1,0.0,3,1.0,0.0,80.0,137.2,140.2,108.7,13.0,8,0.0,0.0,0.0,0.0,0.0,0.0,0.0,3.56,37.62,0.19,0.06,0.19,0.06,5.0,8.57,0.0,0.0,4.89,8.45,0,0,0,1,1,1
ChmuMa00,GNB,TE,29,15,14,0,0,0,0.0,0,0,0,0,0.0,0,74.0,47,554,11.79,4,1,0.0,4,0.0,0.0,79.0,126.4,129.4,102.9,12.0,9,0.0,0.0,0.0,0.0,0.0,0.0,0.0,3.13,36.93,0.27,0.07,0.27,0.0,5.27,8.43,0.0,0.0,5.29,8.43,0,0,0,1,1,1
MannPe00,IND,QB,22,16,16,326,575,3739,6.5,26,28,15,62,4.13,0,0.0,0,0,0.0,0,3,1.0,0,0.0,3.0,208.0,207.8,239.8,235.8,12.0,9,1.62,20.38,35.94,233.69,1.75,0.94,3.88,0.0,0.0,0.0,0.19,0.0,0.0,13.0,12.99,12.35,0.26,0.0,0.0,1,0,0,0,2,3
ShepLe00,WAS,WR,29,16,16,0,0,0,0.0,0,0,6,91,15.17,1,114.0,43,712,16.56,8,0,0.0,9,1.0,0.0,136.0,179.3,182.3,157.8,12.0,18,0.0,0.0,0.0,0.0,0.0,0.38,5.69,2.69,44.5,0.5,0.0,0.56,0.06,8.5,11.21,0.0,0.94,7.45,10.14,0,0,1,0,2,2
PickCa00,CIN,WR,28,16,16,0,0,0,0.0,0,0,2,4,2.0,0,154.0,82,1023,12.48,5,2,0.0,5,1.0,0.0,135.0,216.7,219.7,175.7,10.0,19,0.0,0.0,0.0,0.0,0.0,0.12,0.25,5.12,63.94,0.31,0.12,0.31,0.06,8.44,13.54,0.0,0.02,8.27,13.39,0,0,1,0,2,2
SandFr00,ARI,WR,25,16,16,0,0,0,0.0,0,0,4,0,0.0,0,144.0,89,1145,12.87,3,3,1.0,3,0.0,0.0,131.0,219.5,223.5,175.0,6.0,20,0.0,0.0,0.0,0.0,0.0,0.25,0.0,5.56,71.56,0.19,0.19,0.19,0.0,8.19,13.72,0.0,-0.12,8.28,13.84,0,0,1,0,2,2
MuhaMu00,CAR,WR,25,16,16,0,0,0,0.0,0,0,0,0,0.0,0,106.0,68,941,13.84,6,2,1.0,6,1.0,0.0,130.0,198.1,202.1,164.1,6.0,21,0.0,0.0,0.0,0.0,0.0,0.0,0.0,4.25,58.81,0.38,0.12,0.38,0.06,8.12,12.38,0.0,-0.12,8.13,12.38,0,0,1,0,2,2
GonzTo00,KAN,TE,22,16,16,0,0,0,0.0,0,0,0,0,0.0,0,102.0,59,621,10.53,2,3,1.0,2,0.0,0.0,72.0,131.1,135.1,101.6,5.0,10,0.0,0.0,0.0,0.0,0.0,0.0,0.0,3.69,38.81,0.12,0.19,0.12,0.0,4.5,8.19,0.0,-0.12,4.63,8.32,0,0,0,1,1,1
HoarLe00,MIN,RB,30,16,1,0,0,0,0.0,0,0,115,479,4.17,9,26.0,22,198,9.0,1,1,0.0,10,0.0,0.0,128.0,149.7,155.7,138.7,4.0,23,0.0,0.0,0.0,0.0,0.0,7.19,29.94,1.38,12.38,0.06,0.06,0.62,0.0,8.0,9.36,0.0,6.37,1.61,2.99,0,1,0,0,2,2
MoorHe00,DET,WR,29,15,15,0,0,0,0.0,0,0,0,0,0.0,0,129.0,82,983,11.99,5,0,0.0,5,0.0,0.0,128.0,210.3,213.3,169.3,4.0,22,0.0,0.0,0.0,0.0,0.0,0.0,0.0,5.47,65.53,0.33,0.0,0.33,0.0,8.53,14.02,0.0,0.0,8.55,14.02,0,0,1,0,2,2
MariDa00,MIA,QB,37,16,16,310,537,3497,6.51,23,15,21,-3,-0.14,1,0.0,0,0,0.0,0,9,4.0,1,0.0,0.0,200.0,199.6,221.6,214.6,4.0,10,1.44,19.38,33.56,218.56,0.94,1.31,-0.19,0.0,0.0,0.0,0.56,0.06,0.0,12.5,12.48,12.62,-0.14,0.0,0.0,1,0,0,0,2,3
SantO.00,ATL,TE,24,16,16,0,0,0,0.0,0,0,0,0,0.0,0,42.0,27,428,15.85,5,1,1.0,5,0.0,0.0,71.0,97.8,101.8,84.3,4.0,11,0.0,0.0,0.0,0.0,0.0,0.0,0.0,1.69,26.75,0.31,0.06,0.31,0.0,4.44,6.11,0.0,-0.12,4.55,6.24,0,0,0,1,1,1
MoorRo00,ARI,WR,30,16,16,0,0,0,0.0,0,0,0,0,0.0,0,146.0,67,982,14.66,5,0,0.0,5,0.0,0.0,128.0,195.2,198.2,161.7,4.0,23,0.0,0.0,0.0,0.0,0.0,0.0,0.0,4.19,61.38,0.31,0.0,0.31,0.0,8.0,12.2,0.0,0.0,8.01,12.2,0,0,1,0,2,2
JohnCh00,PIT,WR,26,16,16,0,0,0,0.0,0,0,1,4,4.0,0,124.0,65,815,12.54,7,0,0.0,7,2.0,0.0,128.0,192.9,195.9,160.4,4.0,24,0.0,0.0,0.0,0.0,0.0,0.06,0.25,4.06,50.94,0.44,0.0,0.44,0.12,8.0,12.06,0.0,0.02,7.72,11.78,0,0,1,0,2,2
McCaKe00,JAX,WR,28,15,15,0,0,0,0.0,0,0,0,0,0.0,0,113.0,64,892,13.94,6,0,0.0,6,1.0,0.0,127.0,191.2,194.2,159.2,3.0,25,0.0,0.0,0.0,0.0,0.0,0.0,0.0,4.27,59.47,0.4,0.0,0.4,0.07,8.47,12.75,0.0,0.0,8.35,12.61,0,0,1,0,2,2
EngrBo00,CHI,WR,25,16,16,0,0,0,0.0,0,0,1,3,3.0,0,114.0,64,987,15.42,5,1,1.0,5,0.0,0.0,127.0,191.0,195.0,159.0,3.0,26,0.0,0.0,0.0,0.0,0.0,0.06,0.19,4.0,61.69,0.31,0.06,0.31,0.0,7.94,11.94,0.0,-0.11,8.04,12.04,0,0,1,0,2,2
FlutDo00,BUF,QB,36,13,10,202,354,2711,7.66,20,11,48,248,5.17,1,0.0,0,0,0.0,0,3,0.0,1,0.0,0.0,197.0,197.2,214.2,208.2,2.0,11,1.54,15.54,27.23,208.54,0.85,3.69,19.08,0.0,0.0,0.0,0.23,0.08,0.0,15.15,15.17,12.8,2.37,0.0,0.0,1,0,0,0,2,2
StokJ.00,SFO,WR,26,16,11,0,0,0,0.0,0,0,0,0,0.0,0,93.0,63,770,12.22,8,0,0.0,8,0.0,0.0,125.0,188.0,191.0,156.5,1.0,27,0.0,0.0,0.0,0.0,0.0,0.0,0.0,3.94,48.12,0.5,0.0,0.5,0.0,7.81,11.75,0.0,0.0,7.81,11.75,0,0,1,0,2,2
ScotDa00,CIN,WR,26,13,13,0,0,0,0.0,0,0,2,10,5.0,0,88.0,51,817,16.02,7,0,0.0,7,0.0,0.0,125.0,175.7,178.7,150.2,0.0,28,0.0,0.0,0.0,0.0,0.0,0.15,0.77,3.92,62.85,0.54,0.0,0.54,0.0,9.62,13.52,0.0,0.08,9.52,13.44,0,0,1,0,2,2
JettJa00,OAK,WR,28,16,16,0,0,0,0.0,0,0,1,3,3.0,0,88.0,45,882,19.6,6,0,0.0,6,0.0,0.0,125.0,169.5,172.5,147.0,0.0,29,0.0,0.0,0.0,0.0,0.0,0.06,0.19,2.81,55.12,0.38,0.0,0.38,0.0,7.81,10.59,0.0,0.02,7.76,10.58,0,0,1,0,2,2
LewiJe00,BAL,WR,24,13,13,0,0,0,0.0,0,0,5,20,4.0,0,76.0,41,784,19.12,6,3,2.0,8,0.0,0.0,124.0,165.4,170.4,144.9,0.0,30,0.0,0.0,0.0,0.0,0.0,0.38,1.54,3.15,60.31,0.46,0.23,0.62,0.0,9.54,12.72,0.0,-0.15,8.8,11.95,0,0,1,0,2,2
DaviTy00,GNB,TE,26,13,1,0,0,0,0.0,0,0,0,0,0.0,0,29.0,18,250,13.89,7,1,0.0,7,0.0,0.0,67.0,85.0,88.0,76.0,0.0,12,0.0,0.0,0.0,0.0,0.0,0.0,0.0,1.38,19.23,0.54,0.08,0.54,0.0,5.15,6.54,0.0,0.0,5.15,6.54,0,0,0,1,1,1
MeanNa00,SDG,RB,26,10,10,0,0,0,0.0,0,0,212,883,4.17,5,22.0,16,91,5.69,0,2,2.0,5,0.0,0.0,123.0,139.4,144.4,131.4,0.0,24,0.0,0.0,0.0,0.0,0.0,21.2,88.3,1.6,9.1,0.0,0.2,0.5,0.0,12.3,13.94,0.0,11.43,0.91,2.51,0,1,0,0,2,2
BledDr00,NWE,QB,26,14,14,263,481,3633,7.55,20,14,28,44,1.57,0,0.0,0,0,0.0,0,9,3.0,0,0.0,0.0,196.0,195.7,215.7,209.7,0.0,12,1.43,18.79,34.36,259.5,1.0,2.0,3.14,0.0,0.0,0.0,0.64,0.0,0.0,14.0,13.98,14.09,-0.11,0.0,0.0,1,0,0,0,2,2
ElwaJo00,DEN,QB,38,13,12,210,356,2806,7.88,22,10,37,94,2.54,1,1.0,1,14,14.0,0,7,2.0,1,0.0,0.0,193.0,194.0,209.0,203.5,0.0,13,1.69,16.15,27.38,215.85,0.77,2.85,7.23,0.08,1.08,0.0,0.54,0.08,0.0,14.85,14.92,13.86,0.88,0.11,0.18,1,0,0,0,2,2
DilfTr00,TAM,QB,26,16,16,225,429,2729,6.36,21,15,40,141,3.53,2,0.0,0,0,0.0,0,9,5.0,2,0.0,3.0,185.0,185.3,211.3,200.3,0.0,14,1.31,14.06,26.81,170.56,0.94,2.5,8.81,0.0,0.0,0.0,0.56,0.12,0.0,11.56,11.58,10.2,1.01,0.0,0.0,1,0,0,0,2,2
BrunMa00,JAX,QB,28,13,13,208,354,2601,7.35,20,9,49,192,3.92,0,0.0,0,0,0.0,0,3,2.0,0,0.0,1.0,183.0,183.2,200.2,192.2,0.0,15,1.54,16.0,27.23,200.08,0.69,3.77,14.77,0.0,0.0,0.0,0.23,0.0,0.0,14.08,14.09,12.77,1.17,0.0,0.0,1,0,0,0,2,2
StewKo00,PIT,QB,26,16,16,252,458,2560,5.59,11,18,81,406,5.01,2,1.0,1,17,17.0,0,3,2.0,2,0.0,1.0,163.0,163.7,189.7,181.2,0.0,16,0.69,15.75,28.62,160.0,1.12,5.06,25.38,0.06,1.06,0.0,0.19,0.12,0.0,10.19,10.23,6.9,3.04,0.11,0.17,1,0,0,0,2,2
GannRi00,KAN,QB,33,12,10,206,354,2305,6.51,10,6,44,168,3.82,3,0.0,0,0,0.0,0,9,3.0,3,0.0,0.0,149.0,149.0,164.0,155.0,0.0,17,0.83,17.17,29.5,192.08,0.5,3.67,14.0,0.0,0.0,0.0,0.75,0.25,0.0,12.42,12.42,10.02,2.4,0.0,0.0,1,0,0,0,2,2
AikmTr00,DAL,QB,32,11,11,187,315,2330,7.4,12,5,22,69,3.14,2,0.0,0,0,0.0,0,3,1.0,2,0.0,0.0,148.0,148.1,157.1,153.1,0.0,18,1.09,17.0,28.64,211.82,0.45,2.0,6.27,0.0,0.0,0.0,0.27,0.18,0.0,13.45,13.46,11.93,1.54,0.0,0.0,1,0,0,0,2,2
BeueSt00,CAR,QB,33,12,12,216,343,2613,7.62,17,12,22,26,1.18,0,0.0,0,0,0.0,0,13,3.0,0,0.0,1.0,147.0,147.1,165.1,159.1,0.0,19,1.42,18.0,28.58,217.75,1.0,1.83,2.17,0.0,0.0,0.0,1.08,0.0,0.0,12.25,12.26,12.38,-0.28,0.0,0.0,1,0,0,0,2,2
BatcCh00,DET,QB,24,12,12,173,303,2178,7.19,11,6,41,229,5.59,1,0.0,0,0,0.0,0,2,2.0,1,0.0,0.0,144.0,144.0,158.0,150.0,0.0,20,0.92,14.42,25.25,181.5,0.5,3.42,19.08,0.0,0.0,0.0,0.17,0.08,0.0,12.0,12.0,9.93,2.07,0.0,0.0,1,0,0,0,2,2
ODonNe00,CIN,QB,32,13,11,212,343,2216,6.46,15,4,13,34,2.62,0,0.0,0,0,0.0,0,6,4.0,0,0.0,1.0,138.0,138.0,149.0,142.0,0.0,21,1.15,16.31,26.38,170.46,0.31,1.0,2.62,0.0,0.0,0.0,0.46,0.0,0.0,10.62,10.62,10.82,-0.35,0.0,0.0,1,0,0,0,2,2
BankTo00,STL,QB,25,14,14,241,408,2535,6.21,7,14,40,156,3.9,3,0.0,0,0,0.0,0,10,1.0,3,1.0,1.0,137.0,137.0,158.0,151.0,0.0,22,0.5,17.21,29.14,181.07,1.0,2.86,11.14,0.0,0.0,0.0,0.71,0.21,0.07,9.79,9.79,7.24,2.26,0.0,0.0,1,0,0,0,2,2
AlexDe00,KAN,WR,27,15,14,0,0,0,0.0,0,0,0,0,0.0,0,107.0,54,992,18.37,4,0,0.0,4,0.0,0.0,123.0,177.2,180.2,150.2,0.0,31,0.0,0.0,0.0,0.0,0.0,0.0,0.0,3.6,66.13,0.27,0.0,0.27,0.0,8.2,11.81,0.0,0.0,8.21,11.81,0,0,1,0,2,2
HarrMa00,IND,WR,26,12,12,0,0,0,0.0,0,0,0,0,0.0,0,122.0,59,776,13.15,7,0,0.0,7,1.0,0.0,122.0,180.6,183.6,151.1,0.0,32,0.0,0.0,0.0,0.0,0.0,0.0,0.0,4.92,64.67,0.58,0.0,0.58,0.08,10.17,15.05,0.0,0.0,9.97,14.88,0,0,1,0,2,2
KaufNa00,OAK,RB,25,13,13,0,0,0,0.0,0,0,217,921,4.24,2,36.0,25,191,7.64,0,2,1.0,2,0.0,0.0,121.0,146.2,153.2,133.7,0.0,25,0.0,0.0,0.0,0.0,0.0,16.69,70.85,1.92,14.69,0.0,0.15,0.15,0.0,9.31,11.25,0.0,7.85,1.47,3.39,0,1,0,0,2,2
AnthRe00,TAM,WR,22,15,13,0,0,0,0.0,0,0,4,43,10.75,0,94.0,51,708,13.88,7,0,0.0,7,1.0,0.0,119.0,170.1,173.1,144.6,0.0,33,0.0,0.0,0.0,0.0,0.0,0.27,2.87,3.4,47.2,0.47,0.0,0.47,0.07,7.93,11.34,0.0,0.29,7.52,10.92,0,0,1,0,2,2
HarbJi00,BAL,QB,35,14,12,164,293,1839,6.28,12,11,40,172,4.3,0,0.0,0,0,0.0,0,7,1.0,0,0.0,2.0,119.0,118.8,136.8,129.8,0.0,23,0.86,11.71,20.93,131.36,0.79,2.86,12.29,0.0,0.0,0.0,0.5,0.0,0.0,8.5,8.49,7.11,1.09,0.0,0.0,1,0,0,0,2,2
CollKe00,2TM,QB,26,11,11,170,353,2213,6.27,12,15,30,153,5.1,1,1.0,1,-11,-11.0,0,13,6.0,1,1.0,0.0,117.0,117.7,144.7,132.2,0.0,24,1.09,15.45,32.09,201.18,1.36,2.73,13.91,0.09,-1.0,0.0,1.18,0.09,0.09,10.64,10.7,9.68,0.85,-0.1,-0.01,1,0,0,0,2,2
MortJo00,DET,WR,27,16,16,0,0,0,0.0,0,0,1,11,11.0,0,140.0,69,1028,14.9,2,0,0.0,2,0.0,0.0,116.0,184.9,187.9,150.4,0.0,34,0.0,0.0,0.0,0.0,0.0,0.06,0.69,4.31,64.25,0.12,0.0,0.12,0.0,7.25,11.56,0.0,0.07,7.18,11.49,0,0,1,0,1,1
CallCh00,NYG,WR,30,16,16,0,0,0,0.0,0,0,0,0,0.0,0,119.0,62,812,13.1,6,1,1.0,6,0.0,0.0,115.0,177.2,181.2,146.2,0.0,35,0.0,0.0,0.0,0.0,0.0,0.0,0.0,3.88,50.75,0.38,0.06,0.38,0.0,7.19,11.08,0.0,-0.12,7.32,11.2,0,0,1,0,1,1
IrviMi00,DAL,WR,32,16,15,0,0,0,0.0,0,0,1,1,1.0,0,128.0,74,1057,14.28,1,1,0.0,1,0.0,0.0,112.0,185.8,188.8,148.8,0.0,36,0.0,0.0,0.0,0.0,0.0,0.06,0.06,4.62,66.06,0.06,0.06,0.06,0.0,7.0,11.61,0.0,0.01,6.98,11.61,0,0,1,0,1,1
WestMi00,WAS,WR,26,11,10,0,0,0,0.0,0,0,1,11,11.0,0,90.0,44,736,16.73,6,0,0.0,6,0.0,0.0,111.0,154.7,157.7,132.7,0.0,37,0.0,0.0,0.0,0.0,0.0,0.09,1.0,4.0,66.91,0.55,0.0,0.55,0.0,10.09,14.06,0.0,0.1,9.96,13.96,0,0,1,0,1,1
ReedAn00,BUF,WR,34,15,13,0,0,0,0.0,0,0,0,0,0.0,0,109.0,63,795,12.62,5,0,0.0,5,0.0,0.0,110.0,172.5,175.5,141.0,0.0,39,0.0,0.0,0.0,0.0,0.0,0.0,0.0,4.2,53.0,0.33,0.0,0.33,0.0,7.33,11.5,0.0,0.0,7.3,11.5,0,0,1,0,1,1
SmalTo00,IND,WR,28,16,4,0,1,0,0.0,0,0,1,2,2.0,0,87.0,45,681,15.13,7,0,0.0,7,0.0,0.0,110.0,155.3,158.3,132.8,0.0,38,0.0,0.0,0.06,0.0,0.0,0.06,0.12,2.81,42.56,0.44,0.0,0.44,0.0,6.88,9.71,0.0,0.01,6.88,9.69,0,0,1,0,1,1
GadsOr00,MIA,WR,27,16,12,0,0,0,0.0,0,0,0,0,0.0,0,87.0,48,713,14.85,7,2,2.0,7,0.0,0.0,109.0,157.3,162.3,133.3,0.0,40,0.0,0.0,0.0,0.0,0.0,0.0,0.0,3.0,44.56,0.44,0.12,0.44,0.0,6.81,9.83,0.0,-0.25,7.08,10.08,0,0,1,0,1,1
FletTe00,SDG,RB,25,12,5,1,1,23,23.0,1,0,153,543,3.55,5,43.0,30,188,6.27,0,1,1.0,5,0.0,0.0,106.0,136.0,143.0,121.0,0.0,28,0.08,0.08,0.08,1.92,0.0,12.75,45.25,2.5,15.67,0.0,0.08,0.42,0.0,8.83,11.33,0.41,6.86,1.57,4.07,0,1,0,0,1,1
LaneFr00,CAR,RB,23,14,11,0,0,0,0.0,0,0,205,717,3.5,5,15.0,12,85,7.08,0,4,2.0,5,0.0,0.0,106.0,118.2,123.2,112.2,0.0,26,0.0,0.0,0.0,0.0,0.0,14.64,51.21,0.86,6.07,0.0,0.29,0.36,0.0,7.57,8.44,0.0,6.98,0.61,1.46,0,1,0,0,1,1
LeexAm00,STL,RB,27,14,2,0,0,0,0.0,0,0,44,175,3.98,2,84.0,64,667,10.42,2,3,2.0,4,1.0,0.0,106.0,170.2,178.2,138.2,0.0,27,0.0,0.0,0.0,0.0,0.0,3.14,12.5,4.57,47.64,0.14,0.21,0.29,0.07,7.57,12.16,0.0,1.82,5.62,10.19,0,1,0,0,1,1
MorrBa00,2TM,RB,26,12,5,0,0,0,0.0,0,0,132,489,3.7,8,13.0,12,95,7.92,0,3,2.0,8,0.0,0.0,102.0,114.4,119.4,108.4,0.0,29,0.0,0.0,0.0,0.0,0.0,11.0,40.75,1.0,7.92,0.0,0.25,0.67,0.0,8.5,9.53,0.0,7.74,0.79,1.79,0,1,0,0,1,1
ProeRi00,STL,WR,30,16,11,0,0,0,0.0,0,0,1,14,14.0,0,114.0,60,771,12.85,3,0,0.0,3,1.0,0.0,99.0,158.5,161.5,128.5,0.0,41,0.0,0.0,0.0,0.0,0.0,0.06,0.88,3.75,48.19,0.19,0.0,0.19,0.06,6.19,9.91,0.0,0.09,5.94,9.69,0,0,1,0,1,1
GlenTe00,NWE,WR,24,10,9,0,0,0,0.0,0,0,2,-1,-0.5,0,98.0,50,792,15.84,3,0,0.0,3,0.0,0.0,97.0,147.1,150.1,122.1,0.0,42,0.0,0.0,0.0,0.0,0.0,0.2,-0.1,5.0,79.2,0.3,0.0,0.3,0.0,9.7,14.71,0.0,-0.01,9.72,14.72,0,0,1,0,1,1
KramEr00,CHI,QB,34,8,8,151,250,1823,7.29,9,7,13,17,1.31,1,0.0,0,0,0.0,0,3,3.0,1,0.0,0.0,97.0,96.6,109.6,103.6,0.0,25,1.12,18.88,31.25,227.88,0.88,1.62,2.12,0.0,0.0,0.0,0.38,0.12,0.0,12.12,12.08,11.86,0.21,0.0,0.0,1,0,0,0,1,1
BennEd00,CHI,RB,29,16,13,1,2,18,9.0,1,0,173,611,3.53,2,44.0,28,209,7.46,0,2,2.0,2,0.0,0.0,95.0,122.7,130.7,108.7,0.0,30,0.06,0.06,0.12,1.12,0.0,10.81,38.19,1.75,13.06,0.0,0.12,0.12,0.0,5.94,7.67,0.3,4.32,1.31,3.06,0,1,0,0,1,1
HickSk00,WAS,RB,24,9,5,0,0,0,0.0,0,0,122,433,3.55,8,8.0,4,23,5.75,0,0,0.0,8,0.0,0.0,94.0,97.6,100.6,95.6,0.0,31,0.0,0.0,0.0,0.0,0.0,13.56,48.11,0.44,2.56,0.0,0.0,0.89,0.0,10.44,10.84,0.0,10.14,0.26,0.7,0,1,0,0,1,1
PritMi00,SEA,WR,29,16,16,0,0,0,0.0,0,0,1,17,17.0,0,101.0,58,742,12.79,3,1,1.0,3,1.0,0.0,94.0,151.9,155.9,122.9,0.0,43,0.0,0.0,0.0,0.0,0.0,0.06,1.06,3.62,46.38,0.19,0.06,0.19,0.06,5.88,9.49,0.0,-0.02,5.76,9.39,0,0,1,0,1,1
BennDo00,KAN,RB,26,16,10,0,0,0,0.0,0,0,148,527,3.56,5,20.0,16,91,5.69,1,4,3.0,6,0.0,0.0,92.0,107.8,113.8,99.8,0.0,32,0.0,0.0,0.0,0.0,0.0,9.25,32.94,1.0,5.69,0.06,0.25,0.38,0.0,5.75,6.74,0.0,4.79,0.94,1.94,0,1,0,0,1,1
BrisBu00,DEN,QB,36,7,4,78,131,986,7.53,10,3,19,102,5.37,1,0.0,0,0,0.0,0,2,0.0,1,0.0,1.0,92.0,91.6,100.6,94.6,0.0,28,1.43,11.14,18.71,140.86,0.43,2.71,14.57,0.0,0.0,0.0,0.29,0.14,0.0,13.14,13.09,10.49,2.31,0.0,0.0,1,0,0,0,1,1
ConwCu00,CHI,WR,27,15,15,0,1,0,0.0,0,0,5,48,9.6,0,104.0,54,733,13.57,3,1,2.0,3,0.0,0.0,92.0,146.1,151.1,119.1,0.0,44,0.0,0.0,0.07,0.0,0.0,0.33,3.2,3.6,48.87,0.2,0.07,0.2,0.0,6.13,9.74,0.0,0.05,6.09,9.69,0,0,1,0,1,1
GrahKe00,NYG,QB,30,11,6,105,205,1219,5.95,7,5,27,138,5.11,2,1.0,1,16,16.0,0,2,1.0,2,0.0,0.0,92.0,93.2,105.2,97.7,0.0,27,0.64,9.55,18.64,110.82,0.45,2.45,12.55,0.09,1.45,0.0,0.18,0.18,0.0,8.36,8.47,6.07,2.16,0.15,0.24,1,0,0,0,1,1
JeffSh00,NWE,WR,29,16,16,0,0,0,0.0,0,0,1,15,15.0,0,79.0,34,771,22.68,2,0,0.0,2,0.0,0.0,91.0,124.6,127.6,107.6,0.0,45,0.0,0.0,0.0,0.0,0.0,0.06,0.94,2.12,48.19,0.12,0.0,0.12,0.0,5.69,7.79,0.0,0.09,5.57,7.69,0,0,1,0,1,1
SmitLa00,NOR,RB,28,14,9,1,2,20,10.0,1,0,138,457,3.31,1,36.0,24,249,10.38,2,4,1.0,3,0.0,0.0,91.0,115.4,122.4,103.4,0.0,33,0.07,0.07,0.14,1.43,0.0,9.86,32.64,1.71,17.79,0.14,0.29,0.21,0.0,6.5,8.24,0.34,3.55,2.64,4.35,0,1,0,0,1,1
JoneCh00,SDG,WR,26,16,11,0,0,0,0.0,0,0,4,39,9.75,0,107.0,46,699,15.2,3,1,1.0,3,0.0,0.0,90.0,135.8,139.8,112.8,0.0,47,0.0,0.0,0.0,0.0,0.0,0.25,2.44,2.88,43.69,0.19,0.06,0.19,0.0,5.62,8.49,0.0,0.12,5.49,8.37,0,0,1,0,1,1
ThomLa00,MIA,WR,28,16,2,0,0,0,0.0,0,0,0,0,0.0,0,67.0,43,603,14.02,5,0,0.0,5,0.0,0.0,90.0,133.3,136.3,111.8,0.0,46,0.0,0.0,0.0,0.0,0.0,0.0,0.0,2.69,37.69,0.31,0.0,0.31,0.0,5.62,8.33,0.0,0.0,5.64,8.33,0,0,1,0,1,1
AlleTe00,WAS,RB,30,10,10,0,0,0,0.0,0,0,148,700,4.73,2,22.0,17,128,7.53,0,4,3.0,2,0.0,0.0,89.0,105.8,114.8,97.3,0.0,34,0.0,0.0,0.0,0.0,0.0,14.8,70.0,1.7,12.8,0.0,0.4,0.2,0.0,8.9,10.58,0.0,7.6,1.28,2.98,0,1,0,0,1,1
DaviBi00,DAL,WR,26,16,11,0,0,0,0.0,0,0,4,15,3.75,0,77.0,39,691,17.72,3,1,0.0,3,0.0,0.0,89.0,127.6,130.6,108.1,0.0,48,0.0,0.0,0.0,0.0,0.0,0.25,0.94,2.44,43.19,0.19,0.06,0.19,0.0,5.56,7.98,0.0,0.09,5.44,7.88,0,0,1,0,1,1
MoonWa00,SEA,QB,42,10,10,145,258,1632,6.33,11,8,16,10,0.63,0,0.0,0,0,0.0,0,8,4.0,0,0.0,1.0,88.0,88.3,103.3,96.3,0.0,29,1.1,14.5,25.8,163.2,0.8,1.6,1.0,0.0,0.0,0.0,0.8,0.0,0.0,8.8,8.83,9.33,-0.7,0.0,0.0,1,0,0,0,1,1
KaneDa00,NYG,QB,25,10,10,160,299,1603,5.36,11,10,15,36,2.4,0,0.0,0,0,0.0,0,6,3.0,0,0.0,0.0,86.0,85.7,101.7,95.7,0.0,30,1.1,16.0,29.9,160.3,1.0,1.5,3.6,0.0,0.0,0.0,0.6,0.0,0.0,8.6,8.57,8.81,-0.24,0.0,0.0,1,0,0,0,1,1
AndeKi00,KAN,RB,32,16,15,0,0,0,0.0,0,0,58,230,3.97,1,84.0,64,462,7.22,2,6,1.0,3,0.0,0.0,85.0,149.2,156.2,117.2,0.0,35,0.0,0.0,0.0,0.0,0.0,3.62,14.38,4.0,28.88,0.12,0.38,0.19,0.0,5.31,9.32,0.0,1.69,3.64,7.64,0,1,0,0,1,1
HawkCo00,PIT,WR,29,15,14,0,0,0,0.0,0,0,10,41,4.1,0,108.0,66,751,11.38,1,1,0.0,1,0.0,0.0,85.0,151.2,154.2,118.2,0.0,51,0.0,0.0,0.0,0.0,0.0,0.67,2.73,4.4,50.07,0.07,0.07,0.07,0.0,5.67,10.08,0.0,0.27,5.41,9.81,0,0,1,0,1,1
RisoAn00,KAN,WR,31,14,13,0,0,0,0.0,0,0,2,12,6.0,0,92.0,40,542,13.55,5,1,0.0,5,0.0,0.0,85.0,125.4,128.4,105.4,0.0,49,0.0,0.0,0.0,0.0,0.0,0.14,0.86,2.86,38.71,0.36,0.07,0.36,0.0,6.07,8.96,0.0,0.09,6.01,8.87,0,0,1,0,1,1
DawkSe00,NOR,WR,27,15,15,0,0,0,0.0,0,0,0,0,0.0,0,106.0,53,823,15.53,1,2,2.0,1,0.0,0.0,84.0,137.3,142.3,110.8,0.0,52,0.0,0.0,0.0,0.0,0.0,0.0,0.0,3.53,54.87,0.07,0.13,0.07,0.0,5.6,9.15,0.0,-0.27,5.89,9.42,0,0,1,0,1,1
HillIk00,NYG,WR,22,16,16,0,0,0,0.0,0,0,1,4,4.0,0,104.0,51,715,14.02,2,2,2.0,2,0.0,0.0,80.0,130.9,135.9,105.4,0.0,53,0.0,0.0,0.0,0.0,0.0,0.06,0.25,3.19,44.69,0.12,0.12,0.12,0.0,5.0,8.18,0.0,-0.22,5.22,8.41,0,0,1,0,1,1
WayxCh00,NYG,RB,26,16,15,0,0,0,0.0,0,0,113,432,3.82,3,40.0,31,131,4.23,1,0,0.0,4,0.0,0.0,80.0,111.3,117.3,95.8,0.0,36,0.0,0.0,0.0,0.0,0.0,7.06,27.0,1.94,8.19,0.06,0.0,0.25,0.0,5.0,6.96,0.0,3.82,1.19,3.13,0,1,0,0,1,1
JohnRo00,BUF,QB,25,8,6,67,107,910,8.5,8,3,24,123,5.13,1,0.0,0,0,0.0,0,2,1.0,1,0.0,0.0,79.0,78.7,88.7,81.7,0.0,32,1.0,8.38,13.38,113.75,0.38,3.0,15.38,0.0,0.0,0.0,0.25,0.12,0.0,9.88,9.84,7.8,2.04,0.0,0.0,1,0,0,0,1,1
TollBi00,NOR,QB,32,7,4,110,199,1427,7.17,8,4,11,43,3.91,0,0.0,0,0,0.0,0,3,3.0,0,0.0,0.0,79.0,79.4,89.4,83.4,0.0,31,1.14,15.71,28.43,203.86,0.57,1.57,6.14,0.0,0.0,0.0,0.43,0.0,0.0,11.29,11.34,11.58,-0.24,0.0,0.0,1,0,0,0,1,1
ThomTh00,BUF,RB,32,14,3,0,0,0,0.0,0,0,93,381,4.1,2,32.0,26,220,8.46,1,0,0.0,3,0.0,0.0,78.0,104.1,110.1,91.1,0.0,37,0.0,0.0,0.0,0.0,0.0,6.64,27.21,1.86,15.71,0.07,0.0,0.21,0.0,5.57,7.44,0.0,3.58,2.0,3.86,0,1,0,0,1,1
BiakTi00,CAR,RB,24,10,3,0,0,0,0.0,0,0,101,427,4.23,3,10.0,8,138,17.25,1,1,2.0,4,0.0,0.0,77.0,84.5,92.5,80.5,0.0,39,0.0,0.0,0.0,0.0,0.0,10.1,42.7,0.8,13.8,0.1,0.1,0.4,0.0,7.7,8.45,0.0,5.67,1.98,2.78,0,1,0,0,1,1
CentLa00,ARI,RB,30,16,12,0,0,0,0.0,0,0,31,110,3.55,0,94.0,69,559,8.1,2,1,1.0,2,0.0,0.0,77.0,145.9,152.9,111.4,0.0,38,0.0,0.0,0.0,0.0,0.0,1.94,6.88,4.31,34.94,0.12,0.06,0.12,0.0,4.81,9.12,0.0,0.56,4.24,8.56,0,1,0,0,1,1
EmanBe00,TAM,WR,28,11,11,0,0,0,0.0,0,0,1,11,11.0,0,97.0,41,636,15.51,2,0,0.0,2,0.0,0.0,77.0,117.7,120.7,97.2,0.0,54,0.0,0.0,0.0,0.0,0.0,0.09,1.0,3.73,57.82,0.18,0.0,0.18,0.0,7.0,10.7,0.0,0.1,6.87,10.6,0,0,1,0,1,1
WillHa00,OAK,RB,31,16,3,1,1,27,27.0,0,0,128,496,3.88,2,39.0,26,173,6.65,0,3,2.0,2,0.0,0.0,76.0,102.0,110.0,89.0,0.0,40,0.0,0.06,0.06,1.69,0.0,8.0,31.0,1.62,10.81,0.0,0.19,0.12,0.0,4.75,6.38,0.07,3.6,1.08,2.71,0,1,0,0,1,1
MillEr00,DAL,WR,30,11,1,0,0,0,0.0,0,0,3,9,3.0,0,41.0,28,479,17.11,4,0,0.0,4,0.0,0.0,73.0,100.8,103.8,86.8,0.0,55,0.0,0.0,0.0,0.0,0.0,0.27,0.82,2.55,43.55,0.36,0.0,0.36,0.0,6.64,9.16,0.0,0.08,6.54,9.08,0,0,1,0,1,1
StilBr00,SDG,WR,24,14,9,0,0,0,0.0,0,0,0,0,0.0,0,79.0,43,605,14.07,2,0,0.0,2,0.0,0.0,73.0,115.5,118.5,94.0,0.0,56,0.0,0.0,0.0,0.0,0.0,0.0,0.0,3.07,43.21,0.14,0.0,0.14,0.0,5.21,8.25,0.0,0.0,5.18,8.25,0,0,1,0,1,1
FryaIr00,PHI,WR,36,16,16,0,0,0,0.0,0,0,3,46,15.33,0,112.0,48,556,11.58,2,0,0.0,2,0.0,0.0,72.0,120.2,123.2,96.2,0.0,58,0.0,0.0,0.0,0.0,0.0,0.19,2.88,3.0,34.75,0.12,0.0,0.12,0.0,4.5,7.51,0.0,0.29,4.22,7.22,0,0,1,0,1,1
GrahJe00,PHI,WR,29,15,15,0,0,0,0.0,0,0,0,0,0.0,0,91.0,47,600,12.77,2,0,0.0,2,0.0,0.0,72.0,119.0,122.0,95.5,0.0,59,0.0,0.0,0.0,0.0,0.0,0.0,0.0,3.13,40.0,0.13,0.0,0.13,0.0,4.8,7.93,0.0,0.0,4.8,7.93,0,0,1,0,1,1
WardDe00,NYJ,WR,24,16,4,0,0,0,0.0,0,0,2,7,3.5,0,59.0,25,477,19.08,4,0,0.0,4,0.0,0.0,72.0,97.4,100.4,84.9,0.0,57,0.0,0.0,0.0,0.0,0.0,0.12,0.44,1.56,29.81,0.25,0.0,0.25,0.0,4.5,6.09,0.0,0.04,4.48,6.04,0,0,1,0,1,1
AverJo00,MIA,RB,22,16,0,0,0,0,0.0,0,0,143,503,3.52,2,15.0,10,67,6.7,1,5,2.0,3,0.0,0.0,71.0,81.0,86.0,76.0,0.0,43,0.0,0.0,0.0,0.0,0.0,8.94,31.44,0.62,4.19,0.06,0.31,0.19,0.0,4.44,5.06,0.0,3.64,0.79,1.42,0,1,0,0,1,1
GarnCh00,PHI,RB,26,10,3,0,0,0,0.0,0,0,96,381,3.97,4,25.0,19,110,5.79,0,1,1.0,4,0.0,0.0,71.0,90.1,97.1,80.6,0.0,42,0.0,0.0,0.0,0.0,0.0,9.6,38.1,1.9,11.0,0.0,0.1,0.4,0.0,7.1,9.01,0.0,6.01,1.1,3.0,0,1,0,0,1,1
ReedJa00,MIN,WR,31,11,11,0,0,0,0.0,0,0,0,0,0.0,0,68.0,34,474,13.94,4,0,0.0,4,0.0,0.0,71.0,105.4,108.4,88.4,0.0,60,0.0,0.0,0.0,0.0,0.0,0.0,0.0,3.09,43.09,0.36,0.0,0.36,0.0,6.45,9.58,0.0,0.0,6.49,9.58,0,0,1,0,1,1
KitnJo00,SEA,QB,26,6,5,98,172,1177,6.84,7,8,20,67,3.35,1,0.0,0,0,0.0,0,6,1.0,1,0.0,0.0,70.0,69.8,81.8,77.8,0.0,34,1.17,16.33,28.67,196.17,1.33,3.33,11.17,0.0,0.0,0.0,1.0,0.17,0.0,11.67,11.63,9.85,1.78,0.0,0.0,1,0,0,0,1,1
StenSt00,CHI,QB,27,7,7,112,196,1252,6.39,4,6,18,79,4.39,2,0.0,0,0,0.0,0,6,3.0,2,0.0,1.0,70.0,70.0,82.0,76.0,0.0,33,0.57,16.0,28.0,178.86,0.86,2.57,11.29,0.0,0.0,0.0,0.86,0.29,0.0,10.0,10.0,7.73,1.99,0.0,0.0,1,0,0,0,1,1
BarbTi00,NYG,RB,23,16,4,0,0,0,0.0,0,0,52,166,3.19,0,59.0,42,348,8.29,3,1,0.0,3,0.0,0.0,69.0,111.4,117.4,90.4,0.0,44,0.0,0.0,0.0,0.0,0.0,3.25,10.38,2.62,21.75,0.19,0.06,0.19,0.0,4.31,6.96,0.0,1.04,3.3,5.92,0,1,0,0,1,1
WhelCr00,SDG,QB,27,10,7,149,320,1803,5.63,8,19,18,38,2.11,0,0.0,0,0,0.0,0,9,3.0,0,1.0,1.0,68.0,67.9,92.9,86.9,0.0,35,0.8,14.9,32.0,180.3,1.9,1.8,3.8,0.0,0.0,0.0,0.9,0.0,0.1,6.8,6.79,6.61,-0.22,0.0,0.0,1,0,0,0,1,1
CravAa00,NOR,RB,30,16,10,0,1,0,0.0,0,0,45,180,4.0,2,47.0,33,214,6.48,2,2,1.0,5,0.0,0.0,67.0,100.4,107.4,83.9,0.0,45,0.0,0.0,0.06,0.0,0.0,2.81,11.25,2.06,13.38,0.12,0.12,0.31,0.0,4.19,6.28,0.0,1.75,2.09,4.15,0,1,0,0,1,1
HastAn00,NOR,WR,28,16,12,0,0,0,0.0,0,0,3,32,10.67,0,87.0,35,455,13.0,3,0,0.0,3,0.0,0.0,67.0,101.7,104.7,84.2,0.0,62,0.0,0.0,0.0,0.0,0.0,0.19,2.0,2.19,28.44,0.19,0.0,0.19,0.0,4.19,6.36,0.0,0.2,3.97,6.16,0,0,1,0,1,1
ThigYa00,TEN,WR,29,9,8,0,0,0,0.0,0,0,0,0,0.0,0,83.0,38,493,12.97,3,0,0.0,3,0.0,0.0,67.0,105.3,108.3,86.3,0.0,61,0.0,0.0,0.0,0.0,0.0,0.0,0.0,4.22,54.78,0.33,0.0,0.33,0.0,7.44,11.7,0.0,0.0,7.48,11.7,0,0,1,0,1,1
CrowGe00,DET,WR,22,14,2,0,0,0,0.0,0,0,1,35,35.0,0,48.0,25,464,18.56,3,1,1.0,3,0.0,0.0,66.0,90.9,94.9,78.4,0.0,64,0.0,0.0,0.0,0.0,0.0,0.07,2.5,1.79,33.14,0.21,0.07,0.21,0.0,4.71,6.49,0.0,0.11,4.6,6.39,0,0,1,0,1,1
ToomAm00,NYG,WR,24,16,0,0,1,0,0.0,0,0,0,0,0.0,0,53.0,27,360,13.33,5,0,0.0,5,0.0,0.0,66.0,93.0,96.0,79.5,0.0,63,0.0,0.0,0.06,0.0,0.0,0.0,0.0,1.69,22.5,0.31,0.0,0.31,0.0,4.12,5.81,0.0,0.0,4.12,5.81,0,0,1,0,1,1
WarrCh00,DAL,RB,30,9,0,0,0,0,0.0,0,0,59,291,4.93,4,16.0,13,66,5.08,1,0,0.0,5,0.0,0.0,66.0,78.7,81.7,72.2,0.0,46,0.0,0.0,0.0,0.0,0.0,6.56,32.33,1.44,7.33,0.11,0.0,0.56,0.0,7.33,8.74,0.0,5.9,1.4,2.84,0,1,0,0,1,1
RiemJa00,BUF,TE,25,16,3,0,0,0,0.0,0,0,0,0,0.0,0,33.0,25,288,11.52,6,0,0.0,6,0.0,0.0,65.0,89.8,92.8,77.3,0.0,13,0.0,0.0,0.0,0.0,0.0,0.0,0.0,1.56,18.0,0.38,0.0,0.38,0.0,4.06,5.61,0.0,0.0,4.05,5.61,0,0,0,1,1,1
SimmTo00,NWE,WR,24,11,6,0,0,0,0.0,0,0,0,0,0.0,0,55.0,23,474,20.61,3,0,0.0,3,0.0,0.0,65.0,88.4,91.4,76.9,0.0,65,0.0,0.0,0.0,0.0,0.0,0.0,0.0,2.09,43.09,0.27,0.0,0.27,0.0,5.91,8.04,0.0,0.0,5.95,8.04,0,0,1,0,1,1
DaviWi00,TEN,WR,31,13,10,0,0,0,0.0,0,0,0,0,0.0,0,58.0,32,461,14.41,3,0,0.0,3,0.0,0.0,64.0,96.1,99.1,80.1,0.0,66,0.0,0.0,0.0,0.0,0.0,0.0,0.0,2.46,35.46,0.23,0.0,0.23,0.0,4.92,7.39,0.0,0.0,4.93,7.39,0,0,1,0,1,1
HolmDa00,2TM,RB,27,14,4,0,0,0,0.0,0,0,95,394,4.15,1,24.0,20,188,9.4,0,1,0.0,1,0.0,0.0,64.0,84.2,90.2,74.2,0.0,47,0.0,0.0,0.0,0.0,0.0,6.79,28.14,1.43,13.43,0.0,0.07,0.07,0.0,4.57,6.01,0.0,3.24,1.34,2.77,0,1,0,0,1,1
PennCh00,CHI,WR,27,14,1,0,0,0,0.0,0,0,0,0,0.0,0,62.0,31,448,14.45,3,1,1.0,3,1.0,0.0,63.0,93.8,97.8,78.3,0.0,68,0.0,0.0,0.0,0.0,0.0,0.0,0.0,2.21,32.0,0.21,0.07,0.21,0.07,4.5,6.7,0.0,-0.14,4.49,6.7,0,0,1,0,1,1
PoolKe00,NOR,WR,24,15,4,0,0,0,0.0,0,0,0,0,0.0,0,51.0,24,509,21.21,2,0,0.0,2,0.0,0.0,63.0,86.9,89.9,74.9,0.0,67,0.0,0.0,0.0,0.0,0.0,0.0,0.0,1.6,33.93,0.13,0.0,0.13,0.0,4.2,5.79,0.0,0.0,4.19,5.79,0,0,1,0,1,1
KirbTe00,SFO,RB,28,9,0,1,1,28,28.0,1,0,48,258,5.38,3,19.0,16,134,8.38,0,0,0.0,3,0.0,0.0,62.0,78.3,84.3,70.3,0.0,48,0.11,0.11,0.11,3.11,0.0,5.33,28.67,1.78,14.89,0.0,0.0,0.33,0.0,6.89,8.7,0.57,4.87,1.49,3.27,0,1,0,0,1,1
ZeieEr00,BAL,QB,26,10,4,107,181,1312,7.25,4,3,11,17,1.55,0,0.0,0,0,0.0,0,2,1.0,0,0.0,0.0,62.0,62.2,69.2,65.2,0.0,36,0.4,10.7,18.1,131.2,0.3,1.1,1.7,0.0,0.0,0.0,0.2,0.0,0.0,6.2,6.22,6.25,-0.03,0.0,0.0,1,0,0,0,1,1
BradKy00,NYJ,TE,26,16,15,0,0,0,0.0,0,0,0,0,0.0,0,50.0,30,315,10.5,5,1,1.0,5,0.0,0.0,60.0,89.5,93.5,74.5,0.0,14,0.0,0.0,0.0,0.0,0.0,0.0,0.0,1.88,19.69,0.31,0.06,0.31,0.0,3.75,5.59,0.0,-0.12,3.84,5.72,0,0,0,1,1,1
BrooRo00,GNB,WR,28,12,12,0,0,0,0.0,0,0,1,2,2.0,0,62.0,31,420,13.55,3,0,0.0,3,0.0,0.0,60.0,91.2,94.2,75.7,0.0,69,0.0,0.0,0.0,0.0,0.0,0.08,0.17,2.58,35.0,0.25,0.0,0.25,0.0,5.0,7.6,0.0,0.02,5.0,7.58,0,0,1,0,1,1
GarrJa00,DAL,QB,32,8,5,91,158,1206,7.63,5,3,11,14,1.27,0,0.0,0,0,0.0,0,4,2.0,0,0.0,0.0,60.0,59.6,67.6,62.6,0.0,37,0.62,11.38,19.75,150.75,0.38,1.38,1.75,0.0,0.0,0.0,0.5,0.0,0.0,7.5,7.45,7.78,-0.32,0.0,0.0,1,0,0,0,1,1
LeveDo00,GNB,RB,28,7,4,0,0,0,0.0,0,0,115,378,3.29,1,30.0,27,162,6.0,0,0,0.0,1,0.0,0.0,60.0,87.0,93.0,73.5,0.0,49,0.0,0.0,0.0,0.0,0.0,16.43,54.0,3.86,23.14,0.0,0.0,0.14,0.0,8.57,12.43,0.0,6.26,2.31,6.17,0,1,0,0,1,1
PollMa00,IND,TE,26,16,11,0,0,0,0.0,0,0,0,0,0.0,0,40.0,24,309,12.88,4,0,0.0,4,2.0,0.0,59.0,82.9,85.9,70.9,0.0,15,0.0,0.0,0.0,0.0,0.0,0.0,0.0,1.5,19.31,0.25,0.0,0.25,0.12,3.69,5.18,0.0,0.0,3.43,4.93,0,0,0,1,1,1
AlexSt00,WAS,TE,23,15,5,0,0,0,0.0,0,0,0,0,0.0,0,58.0,37,383,10.35,4,2,2.0,4,0.0,0.0,58.0,95.3,100.3,76.8,0.0,16,0.0,0.0,0.0,0.0,0.0,0.0,0.0,2.47,25.53,0.27,0.13,0.27,0.0,3.87,6.35,0.0,-0.27,4.15,6.62,0,0,0,1,1,1
VardTo00,DET,RB,29,14,9,0,0,0,0.0,0,0,18,37,2.06,6,24.0,14,143,10.21,1,1,1.0,7,0.0,0.0,58.0,72.0,76.0,65.0,0.0,50,0.0,0.0,0.0,0.0,0.0,1.29,2.64,1.0,10.21,0.07,0.07,0.5,0.0,4.14,5.14,0.0,2.69,1.45,2.45,0,1,0,0,1,1
ConnAl00,WAS,WR,24,14,5,0,0,0,0.0,0,0,0,0,0.0,0,54.0,28,451,16.11,2,0,0.0,2,0.0,0.0,57.0,85.1,88.1,71.1,0.0,70,0.0,0.0,0.0,0.0,0.0,0.0,0.0,2.0,32.21,0.14,0.0,0.14,0.0,4.07,6.08,0.0,0.0,4.08,6.08,0,0,1,0,1,1
PathJe00,IND,WR,23,16,15,0,0,0,0.0,0,0,3,-2,-0.67,0,106.0,50,511,10.22,1,0,0.0,1,0.0,0.0,57.0,106.9,109.9,81.9,0.0,71,0.0,0.0,0.0,0.0,0.0,0.19,-0.12,3.12,31.94,0.06,0.0,0.06,0.0,3.56,6.68,0.0,-0.01,3.57,6.69,0,0,1,0,1,1
SmitIr00,SFO,TE,27,16,8,0,0,0,0.0,0,0,0,0,0.0,0,41.0,25,266,10.64,5,0,0.0,5,0.0,0.0,57.0,81.6,84.6,69.1,0.0,17,0.0,0.0,0.0,0.0,0.0,0.0,0.0,1.56,16.62,0.31,0.0,0.31,0.0,3.56,5.1,0.0,0.0,3.54,5.1,0,0,0,1,1,1
BrucIs00,STL,WR,26,5,5,0,0,0,0.0,0,0,1,30,30.0,0,48.0,32,457,14.28,1,0,0.0,1,0.0,0.0,55.0,86.7,89.7,70.7,0.0,74,0.0,0.0,0.0,0.0,0.0,0.2,6.0,6.4,91.4,0.2,0.0,0.2,0.0,11.0,17.34,0.0,0.6,10.34,16.74,0,0,1,0,1,1
MayeDe00,GNB,WR,24,10,6,0,0,0,0.0,0,0,0,0,0.0,0,51.0,30,394,13.13,3,1,1.0,3,0.0,0.0,55.0,85.4,89.4,70.4,0.0,72,0.0,0.0,0.0,0.0,0.0,0.0,0.0,3.0,39.4,0.3,0.1,0.3,0.0,5.5,8.54,0.0,-0.2,5.74,8.74,0,0,1,0,1,1
RickMi00,SDG,WR,24,16,9,0,0,0,0.0,0,0,0,0,0.0,0,85.0,30,450,15.0,2,1,1.0,2,0.0,0.0,55.0,85.0,89.0,70.0,0.0,73,0.0,0.0,0.0,0.0,0.0,0.0,0.0,1.88,28.12,0.12,0.06,0.12,0.0,3.44,5.31,0.0,-0.12,3.56,5.44,0,0,1,0,1,1
HarrJa00,TEN,TE,30,16,16,0,0,0,0.0,0,0,0,0,0.0,0,55.0,43,412,9.58,2,0,0.0,2,0.0,0.0,53.0,96.2,99.2,74.7,0.0,18,0.0,0.0,0.0,0.0,0.0,0.0,0.0,2.69,25.75,0.12,0.0,0.12,0.0,3.31,6.01,0.0,0.0,3.32,6.01,0,0,0,1,1,1
BateMa00,ARI,RB,25,16,1,0,0,0,0.0,0,0,60,165,2.75,6,1.0,1,14,14.0,0,0,1.0,6,0.0,0.0,52.0,52.9,56.9,52.4,0.0,51,0.0,0.0,0.0,0.0,0.0,3.75,10.31,0.06,0.88,0.0,0.0,0.38,0.0,3.25,3.31,0.0,3.16,0.09,0.15,0,1,0,0,1,1
DetmKo00,PHI,QB,25,8,5,97,181,1011,5.59,5,5,7,20,2.86,0,0.0,0,0,0.0,0,1,0.0,0,0.0,0.0,52.0,52.4,60.4,57.4,0.0,38,0.62,12.12,22.62,126.38,0.62,0.88,2.5,0.0,0.0,0.0,0.12,0.0,0.0,6.5,6.55,6.3,0.25,0.0,0.0,1,0,0,0,1,1
McWiJo00,ARI,TE,26,16,15,0,0,0,0.0,0,0,0,0,0.0,0,33.0,26,284,10.92,4,0,0.0,4,0.0,0.0,52.0,78.4,81.4,65.4,0.0,19,0.0,0.0,0.0,0.0,0.0,0.0,0.0,1.62,17.75,0.25,0.0,0.25,0.0,3.25,4.9,0.0,0.0,3.28,4.9,0,0,0,1,1,1
DrayTr00,MIA,TE,28,15,15,0,0,0,0.0,0,0,0,0,0.0,0,49.0,30,334,11.13,3,0,0.0,3,0.0,0.0,51.0,81.4,84.4,66.4,0.0,20,0.0,0.0,0.0,0.0,0.0,0.0,0.0,2.0,22.27,0.2,0.0,0.2,0.0,3.4,5.43,0.0,0.0,3.43,5.43,0,0,0,1,1,1
MasoDe00,TEN,WR,24,16,0,0,0,0,0.0,0,0,0,0,0.0,0,44.0,25,333,13.32,3,1,0.0,3,0.0,0.0,51.0,76.3,79.3,63.8,0.0,75,0.0,0.0,0.0,0.0,0.0,0.0,0.0,1.56,20.81,0.19,0.06,0.19,0.0,3.19,4.77,0.0,0.0,3.21,4.77,0,0,1,0,1,1
SchrBi00,GNB,WR,27,13,3,0,0,0,0.0,0,0,0,0,0.0,0,48.0,31,452,14.58,1,1,0.0,1,0.0,0.0,51.0,82.2,85.2,66.7,0.0,76,0.0,0.0,0.0,0.0,0.0,0.0,0.0,2.38,34.77,0.08,0.08,0.08,0.0,3.92,6.32,0.0,0.0,3.94,6.32,0,0,1,0,1,1
EnisCu00,CHI,RB,22,9,1,0,0,0,0.0,0,0,133,497,3.74,0,8.0,6,20,3.33,0,1,1.0,0,0.0,0.0,50.0,55.7,59.7,52.7,0.0,53,0.0,0.0,0.0,0.0,0.0,14.78,55.22,0.67,2.22,0.0,0.11,0.0,0.0,5.56,6.19,0.0,5.3,0.22,0.89,0,1,0,0,1,1
DaviSt00,WAS,RB,24,16,12,0,0,0,0.0,0,0,34,109,3.21,0,31.0,21,263,12.52,2,0,0.0,2,0.0,0.0,49.0,70.2,76.2,59.7,0.0,55,0.0,0.0,0.0,0.0,0.0,2.12,6.81,1.31,16.44,0.12,0.0,0.12,0.0,3.06,4.39,0.0,0.68,2.39,3.71,0,1,0,0,1,1
EdwaMa00,SFO,RB,24,16,10,0,0,0,0.0,0,0,22,94,4.27,1,32.0,22,218,9.91,2,0,0.0,3,0.0,0.0,49.0,71.2,74.2,60.2,0.0,54,0.0,0.0,0.0,0.0,0.0,1.38,5.88,1.38,13.62,0.12,0.0,0.19,0.0,3.06,4.45,0.0,0.96,2.11,3.49,0,1,0,0,1,1
HillGr00,STL,RB,26,2,2,0,0,0,0.0,0,0,40,240,6.0,4,2.0,1,6,6.0,0,0,0.0,4,0.0,0.0,49.0,49.6,52.6,49.1,0.0,56,0.0,0.0,0.0,0.0,0.0,20.0,120.0,0.5,3.0,0.0,0.0,2.0,0.0,24.5,24.8,0.0,24.0,0.3,0.8,0,1,0,0,1,1
FaurCh00,SEA,TE,27,16,15,0,0,0,0.0,0,0,0,0,0.0,0,44.0,37,377,10.19,2,1,1.0,2,0.0,0.0,48.0,84.7,88.7,66.2,0.0,22,0.0,0.0,0.0,0.0,0.0,0.0,0.0,2.31,23.56,0.12,0.06,0.12,0.0,3.0,5.29,0.0,-0.12,3.11,5.42,0,0,0,1,1,1
GeorJe00,OAK,QB,31,8,7,93,169,1186,7.02,4,5,8,2,0.25,0,0.0,0,0,0.0,0,7,3.0,0,0.0,0.0,48.0,47.6,58.6,52.6,0.0,39,0.5,11.62,21.12,148.25,0.62,1.0,0.25,0.0,0.0,0.0,0.88,0.0,0.0,6.0,5.95,6.68,-0.72,0.0,0.0,1,0,0,0,1,1
JackMi00,BAL,WR,29,13,12,0,0,0,0.0,0,0,0,0,0.0,0,76.0,38,477,12.55,0,1,0.0,0,0.0,0.0,48.0,85.7,88.7,66.7,0.0,78,0.0,0.0,0.0,0.0,0.0,0.0,0.0,2.92,36.69,0.0,0.08,0.0,0.0,3.69,6.59,0.0,0.0,3.67,6.59,0,0,1,0,1,1
MitcPe00,JAX,TE,27,16,16,0,0,0,0.0,0,0,0,0,0.0,0,63.0,38,363,9.55,2,0,0.0,2,0.0,0.0,48.0,86.3,89.3,67.3,0.0,21,0.0,0.0,0.0,0.0,0.0,0.0,0.0,2.38,22.69,0.12,0.0,0.12,0.0,3.0,5.39,0.0,0.0,3.02,5.39,0,0,0,1,1,1
MoorDa00,TAM,TE,29,16,16,0,0,0,0.0,0,0,0,0,0.0,0,40.0,24,255,10.63,4,1,1.0,4,0.0,0.0,48.0,71.5,75.5,59.5,0.0,23,0.0,0.0,0.0,0.0,0.0,0.0,0.0,1.5,15.94,0.25,0.06,0.25,0.0,3.0,4.47,0.0,-0.12,3.09,4.59,0,0,0,1,1,1
AlleJa00,CHI,RB,23,6,2,0,0,0,0.0,0,0,58,270,4.66,1,14.0,8,77,9.63,1,1,0.0,2,0.0,0.0,47.0,54.7,57.7,50.7,0.0,59,0.0,0.0,0.0,0.0,0.0,9.67,45.0,1.33,12.83,0.17,0.17,0.33,0.0,7.83,9.12,0.0,5.5,2.28,3.62,0,1,0,0,1,1
ByarKe00,NYJ,RB,35,13,8,0,0,0,0.0,0,0,4,34,8.5,0,40.0,26,258,9.92,3,0,0.0,3,0.0,0.0,47.0,73.2,76.2,60.2,0.0,57,0.0,0.0,0.0,0.0,0.0,0.31,2.62,2.0,19.85,0.23,0.0,0.23,0.0,3.62,5.63,0.0,0.26,3.37,5.37,0,1,0,0,1,1
HendWi00,GNB,RB,27,16,10,0,0,0,0.0,0,0,23,70,3.04,2,49.0,37,241,6.51,1,1,1.0,3,0.0,0.0,47.0,84.1,88.1,65.6,0.0,58,0.0,0.0,0.0,0.0,0.0,1.44,4.38,2.31,15.06,0.06,0.06,0.19,0.0,2.94,5.26,0.0,1.06,1.88,4.19,0,1,0,0,1,1
JohnBr00,MIN,QB,30,4,2,65,101,747,7.4,7,5,12,15,1.25,0,0.0,0,0,0.0,0,1,1.0,0,0.0,0.0,47.0,47.4,56.4,52.4,0.0,40,1.75,16.25,25.25,186.75,1.25,3.0,3.75,0.0,0.0,0.0,0.25,0.0,0.0,11.75,11.85,11.97,-0.12,0.0,0.0,1,0,0,0,1,1
McKnJa00,SEA,WR,26,14,3,0,0,0,0.0,0,0,0,0,0.0,0,50.0,21,346,16.48,2,0,0.0,2,0.0,0.0,47.0,67.6,70.6,57.1,0.0,79,0.0,0.0,0.0,0.0,0.0,0.0,0.0,1.5,24.71,0.14,0.0,0.14,0.0,3.36,4.83,0.0,0.0,3.33,4.83,0,0,1,0,1,1
BlakJe00,CIN,QB,28,8,2,51,93,739,7.95,3,3,15,103,6.87,0,0.0,0,0,0.0,0,1,0.0,0,0.0,0.0,46.0,45.9,54.9,48.9,0.0,41,0.38,6.38,11.62,92.38,0.38,1.88,12.88,0.0,0.0,0.0,0.12,0.0,0.0,5.75,5.74,4.44,1.29,0.0,0.0,1,0,0,0,1,1
JeffPa00,DAL,WR,25,8,1,0,0,0,0.0,0,0,0,0,0.0,0,34.0,18,330,18.33,2,0,0.0,2,0.0,0.0,45.0,63.0,66.0,54.0,0.0,80,0.0,0.0,0.0,0.0,0.0,0.0,0.0,2.25,41.25,0.25,0.0,0.25,0.0,5.62,7.88,0.0,0.0,5.62,7.88,0,0,1,0,1,1
BechBr00,NOR,WR,27,16,0,0,0,0,0.0,0,0,0,0,0.0,0,24.0,14,264,18.86,3,0,0.0,3,0.0,0.0,44.0,58.4,61.4,51.4,0.0,81,0.0,0.0,0.0,0.0,0.0,0.0,0.0,0.88,16.5,0.19,0.0,0.19,0.0,2.75,3.65,0.0,0.0,2.78,3.65,0,0,1,0,1,1
WuerDa00,NOR,QB,24,5,4,62,119,695,5.84,5,5,11,60,5.45,0,0.0,0,0,0.0,0,1,0.0,0,0.0,0.0,44.0,43.8,51.8,48.8,0.0,42,1.0,12.4,23.8,139.0,1.0,2.2,12.0,0.0,0.0,0.0,0.2,0.0,0.0,8.8,8.76,7.56,1.2,0.0,0.0,1,0,0,0,1,1
WilsWa00,OAK,QB,39,5,3,52,88,568,6.45,7,4,7,24,3.43,0,0.0,0,0,0.0,0,1,1.0,0,0.0,0.0,43.0,43.1,51.1,47.1,0.0,43,1.4,10.4,17.6,113.6,0.8,1.4,4.8,0.0,0.0,0.0,0.2,0.0,0.0,8.6,8.62,8.54,0.08,0.0,0.0,1,0,0,0,1,1
BonoSt00,STL,QB,36,6,2,69,136,807,5.93,5,4,10,13,1.3,0,0.0,0,0,0.0,0,4,3.0,0,1.0,0.0,42.0,41.6,51.6,45.6,0.0,45,0.83,11.5,22.67,134.5,0.67,1.67,2.17,0.0,0.0,0.0,0.67,0.0,0.17,7.0,6.93,7.38,-0.78,0.0,0.0,1,0,0,0,1,1
CarrMa00,CAR,WR,33,16,1,0,0,0,0.0,0,0,0,0,0.0,0,51.0,19,301,15.84,2,0,0.0,2,0.0,0.0,42.0,61.1,64.1,51.6,0.0,83,0.0,0.0,0.0,0.0,0.0,0.0,0.0,1.19,18.81,0.12,0.0,0.12,0.0,2.62,3.82,0.0,0.0,2.63,3.82,0,0,1,0,1,1
GrbaEl00,KAN,QB,28,8,6,98,188,1142,6.07,5,12,7,27,3.86,0,0.0,0,0,0.0,0,1,1.0,0,0.0,0.0,42.0,42.4,58.4,54.4,0.0,44,0.62,12.25,23.5,142.75,1.5,0.88,3.38,0.0,0.0,0.0,0.12,0.0,0.0,5.25,5.3,5.21,0.09,0.0,0.0,1,0,0,0,1,1
GreeEr00,BAL,TE,31,12,12,0,0,0,0.0,0,0,0,0,0.0,0,58.0,34,422,12.41,1,4,3.0,1,0.0,0.0,42.0,76.2,82.2,59.2,0.0,25,0.0,0.0,0.0,0.0,0.0,0.0,0.0,2.83,35.17,0.08,0.33,0.08,0.0,3.5,6.35,0.0,-0.5,4.02,6.85,0,0,0,1,1,1
GreeJa00,TAM,WR,22,12,1,0,0,0,0.0,0,0,3,12,4.0,0,36.0,14,251,17.93,2,5,1.0,3,0.0,0.0,42.0,56.3,60.3,49.3,0.0,82,0.0,0.0,0.0,0.0,0.0,0.25,1.0,1.17,20.92,0.17,0.42,0.25,0.0,3.5,4.69,0.0,-0.07,3.09,4.26,0,0,1,0,1,1
JervTr00,GNB,RB,26,8,5,0,0,0,0.0,0,0,83,325,3.92,1,12.0,9,33,3.67,0,0,0.0,1,0.0,0.0,42.0,50.8,53.8,46.3,0.0,61,0.0,0.0,0.0,0.0,0.0,10.38,40.62,1.12,4.12,0.0,0.0,0.12,0.0,5.25,6.35,0.0,4.81,0.41,1.54,0,1,0,0,1,1
JohnAn00,CAR,RB,31,16,2,0,0,0,0.0,0,0,36,135,3.75,0,35.0,27,242,8.96,1,3,1.0,1,0.0,0.0,42.0,68.7,75.7,55.2,0.0,62,0.0,0.0,0.0,0.0,0.0,2.25,8.44,1.69,15.12,0.06,0.19,0.06,0.0,2.62,4.29,0.0,0.72,1.89,3.58,0,1,0,0,1,1
McGeTo00,CIN,TE,27,16,16,0,0,0,0.0,0,0,0,0,0.0,0,32.0,22,363,16.5,1,0,0.0,1,0.0,0.0,42.0,64.3,67.3,53.3,0.0,24,0.0,0.0,0.0,0.0,0.0,0.0,0.0,1.38,22.69,0.06,0.0,0.06,0.0,2.62,4.02,0.0,0.0,2.64,4.02,0,0,0,1,1,1
StewJa00,JAX,RB,27,3,3,0,0,0,0.0,0,0,53,217,4.09,2,8.0,6,42,7.0,1,2,1.0,3,0.0,0.0,42.0,47.9,51.9,44.9,0.0,60,0.0,0.0,0.0,0.0,0.0,17.67,72.33,2.0,14.0,0.33,0.67,1.0,0.0,14.0,15.97,0.0,10.57,3.4,5.4,0,1,0,0,1,1
BrowTr00,NWE,WR,27,10,0,0,0,0,0.0,0,0,0,0,0.0,0,35.0,23,346,15.04,1,0,0.0,1,0.0,0.0,41.0,63.6,66.6,52.1,0.0,84,0.0,0.0,0.0,0.0,0.0,0.0,0.0,2.3,34.6,0.1,0.0,0.1,0.0,4.1,6.36,0.0,0.0,4.06,6.36,0,0,1,0,1,1
MickTe00,OAK,WR,27,16,2,0,0,0,0.0,0,0,0,0,0.0,0,47.0,24,346,14.42,1,0,0.0,1,0.0,0.0,41.0,64.6,67.6,52.6,0.0,85,0.0,0.0,0.0,0.0,0.0,0.0,0.0,1.5,21.62,0.06,0.0,0.06,0.0,2.56,4.04,0.0,0.0,2.54,4.04,0,0,1,0,1,1
ReicFr00,DET,QB,37,6,2,63,110,768,6.98,5,4,6,3,0.5,0,0.0,0,0,0.0,0,2,1.0,0,0.0,0.0,41.0,41.0,49.0,45.0,0.0,46,0.83,10.5,18.33,128.0,0.67,1.0,0.5,0.0,0.0,0.0,0.33,0.0,0.0,6.83,6.83,7.12,-0.28,0.0,0.0,1,0,0,0,1,1
ChriBo00,ATL,RB,30,14,11,0,0,0,0.0,0,0,8,21,2.63,2,28.0,19,214,11.26,1,1,1.0,3,0.0,0.0,40.0,58.5,62.5,49.0,0.0,63,0.0,0.0,0.0,0.0,0.0,0.57,1.5,1.36,15.29,0.07,0.07,0.21,0.0,2.86,4.18,0.0,0.86,1.96,3.31,0,1,0,0,1,1
DysoKe00,TEN,WR,23,13,9,0,0,0,0.0,0,0,1,4,4.0,0,48.0,21,263,12.52,2,0,0.0,2,0.0,0.0,39.0,59.7,62.7,49.2,0.0,86,0.0,0.0,0.0,0.0,0.0,0.08,0.31,1.62,20.23,0.15,0.0,0.15,0.0,3.0,4.59,0.0,0.03,2.95,4.56,0,0,1,0,1,1
FloyWi00,CAR,RB,26,16,13,0,1,0,0.0,0,1,28,71,2.54,3,37.0,24,123,5.13,1,1,1.0,4,0.0,0.0,39.0,63.4,68.4,52.4,0.0,64,0.0,0.0,0.06,0.0,0.06,1.75,4.44,1.5,7.69,0.06,0.06,0.25,0.0,2.44,3.96,-0.12,1.44,1.14,2.64,0,1,0,0,1,1
BlacWi00,PIT,WR,23,16,1,0,0,0,0.0,0,0,0,0,0.0,0,55.0,32,297,9.28,1,1,0.0,1,1.0,0.0,38.0,69.7,72.7,53.7,0.0,87,0.0,0.0,0.0,0.0,0.0,0.0,0.0,2.0,18.56,0.06,0.06,0.06,0.06,2.38,4.36,0.0,0.0,2.23,4.23,0,0,1,0,1,1
DilgKe00,IND,TE,27,16,16,0,0,0,0.0,0,0,0,0,0.0,0,48.0,31,303,9.77,1,0,0.0,1,1.0,0.0,38.0,69.3,72.3,53.8,0.0,26,0.0,0.0,0.0,0.0,0.0,0.0,0.0,1.94,18.94,0.06,0.0,0.06,0.06,2.38,4.33,0.0,0.0,2.27,4.21,0,0,0,1,1,1
GashSa00,BUF,RB,29,16,13,0,0,0,0.0,0,0,11,32,2.91,0,21.0,19,165,8.68,3,0,0.0,3,0.0,0.0,38.0,56.7,59.7,47.2,0.0,67,0.0,0.0,0.0,0.0,0.0,0.69,2.0,1.19,10.31,0.19,0.0,0.19,0.0,2.38,3.54,0.0,0.2,2.16,3.34,0,1,0,0,1,1
HakiAz00,STL,WR,21,9,4,0,0,0,0.0,0,0,2,30,15.0,1,45.0,20,247,12.35,1,1,1.0,2,0.0,0.0,38.0,57.7,61.7,47.7,0.0,88,0.0,0.0,0.0,0.0,0.0,0.22,3.33,2.22,27.44,0.11,0.11,0.22,0.0,4.22,6.41,0.0,0.78,3.41,5.63,0,0,1,0,1,1
HolcRo00,STL,RB,23,13,6,0,0,0,0.0,0,0,98,230,2.35,2,11.0,6,34,5.67,0,0,0.0,2,0.0,0.0,38.0,44.4,47.4,41.4,0.0,65,0.0,0.0,0.0,0.0,0.0,7.54,17.69,0.46,2.62,0.0,0.0,0.15,0.0,2.92,3.42,0.0,2.69,0.26,0.72,0,1,0,0,1,1
WillSh00,DAL,RB,25,16,2,0,0,0,0.0,0,0,64,220,3.44,1,14.0,11,104,9.45,0,0,0.0,1,0.0,0.0,38.0,49.4,55.4,43.9,0.0,66,0.0,0.0,0.0,0.0,0.0,4.0,13.75,0.69,6.5,0.0,0.0,0.06,0.0,2.38,3.09,0.0,1.75,0.65,1.34,0,1,0,0,1,1
PeetRo00,PHI,QB,32,5,4,71,129,758,5.88,2,4,5,30,6.0,1,0.0,0,0,0.0,0,1,1.0,1,0.0,0.0,37.0,37.3,45.3,41.3,0.0,47,0.4,14.2,25.8,151.6,0.8,1.0,6.0,0.0,0.0,0.0,0.2,0.2,0.0,7.4,7.46,6.06,1.4,0.0,0.0,1,0,0,0,1,1
BjorEr00,DAL,TE,27,16,4,0,0,0,0.0,0,0,1,7,7.0,1,27.0,15,218,14.53,1,0,0.0,2,0.0,0.0,35.0,49.5,52.5,42.0,0.0,27,0.0,0.0,0.0,0.0,0.0,0.06,0.44,0.94,13.62,0.06,0.0,0.12,0.0,2.19,3.09,0.0,0.42,1.74,2.68,0,0,0,1,1,1
ChanRo20,CHI,RB,26,16,1,0,0,0,0.0,0,0,29,122,4.21,2,15.0,11,102,9.27,0,2,0.0,2,0.0,0.0,34.0,45.4,51.4,39.9,0.0,68,0.0,0.0,0.0,0.0,0.0,1.81,7.62,0.69,6.38,0.0,0.12,0.12,0.0,2.12,2.84,0.0,1.51,0.64,1.32,0,1,0,0,1,1
JoneDa00,JAX,TE,24,16,7,0,0,0,0.0,0,0,0,0,0.0,0,17.0,8,90,11.25,4,1,0.0,4,0.0,0.0,33.0,41.0,41.0,37.0,0.0,28,0.0,0.0,0.0,0.0,0.0,0.0,0.0,0.5,5.62,0.25,0.06,0.25,0.0,2.06,2.56,0.0,0.0,2.06,2.56,0,0,0,1,1,1
HarrRa00,GNB,RB,28,8,3,0,0,0,0.0,0,0,79,228,2.89,1,11.0,10,68,6.8,0,3,2.0,1,0.0,0.0,32.0,41.6,46.6,36.6,0.0,70,0.0,0.0,0.0,0.0,0.0,9.88,28.5,1.25,8.5,0.0,0.38,0.12,0.0,4.0,5.2,0.0,3.1,0.85,2.1,0,1,0,0,1,1
KennEd00,STL,WR,25,16,13,0,0,0,0.0,0,0,2,9,4.5,0,51.0,17,234,13.76,1,4,2.0,2,0.0,0.0,32.0,49.3,54.3,40.8,0.0,90,0.0,0.0,0.0,0.0,0.0,0.12,0.56,1.06,14.62,0.06,0.25,0.12,0.0,2.0,3.08,0.0,-0.19,1.84,2.9,0,0,1,0,1,1
PottRo00,BAL,RB,27,16,15,0,0,0,0.0,0,0,36,115,3.19,0,38.0,30,168,5.6,2,4,4.0,2,0.0,0.0,32.0,62.3,72.3,47.3,0.0,69,0.0,0.0,0.0,0.0,0.0,2.25,7.19,1.88,10.5,0.12,0.25,0.12,0.0,2.0,3.89,0.0,0.22,1.8,3.68,0,1,0,0,1,1
FoleGl00,NYJ,QB,28,5,3,58,108,749,6.94,4,6,5,-11,-2.2,0,0.0,0,0,0.0,0,1,1.0,0,0.0,0.0,31.0,30.9,40.9,36.9,0.0,48,0.8,11.6,21.6,149.8,1.2,1.0,-2.2,0.0,0.0,0.0,0.2,0.0,0.0,6.2,6.18,6.79,-0.62,0.0,0.0,1,0,0,0,1,1
GednCh00,ARI,TE,28,16,3,0,0,0,0.0,0,0,0,0,0.0,0,32.0,22,271,12.32,1,1,1.0,1,0.0,0.0,31.0,53.1,57.1,42.1,0.0,29,0.0,0.0,0.0,0.0,0.0,0.0,0.0,1.38,16.94,0.06,0.06,0.06,0.0,1.94,3.32,0.0,-0.12,2.07,3.44,0,0,0,1,1,1
LoviDe00,DEN,RB,30,16,0,0,0,0,0.0,0,0,53,161,3.04,2,2.0,2,29,14.5,0,0,0.0,2,0.0,0.0,31.0,33.0,36.0,32.0,0.0,71,0.0,0.0,0.0,0.0,0.0,3.31,10.06,0.12,1.81,0.0,0.0,0.12,0.0,1.94,2.06,0.0,1.76,0.18,0.31,0,1,0,0,1,1
TurnKe00,PHI,RB,29,16,15,0,0,0,0.0,0,0,20,94,4.7,0,59.0,34,232,6.82,0,1,1.0,0,0.0,0.0,31.0,64.6,68.6,47.6,0.0,72,0.0,0.0,0.0,0.0,0.0,1.25,5.88,2.12,14.5,0.0,0.06,0.0,0.0,1.94,4.04,0.0,0.46,1.45,3.58,0,1,0,0,1,1
WillKa00,TAM,WR,27,13,6,0,0,0,0.0,0,0,0,0,0.0,0,46.0,21,252,12.0,1,0,0.0,1,0.0,0.0,31.0,52.2,55.2,41.7,0.0,91,0.0,0.0,0.0,0.0,0.0,0.0,0.0,1.62,19.38,0.08,0.0,0.08,0.0,2.38,4.02,0.0,0.0,2.4,4.02,0,0,1,0,1,1
DaviTr00,NOR,RB,23,14,2,0,0,0,0.0,0,0,55,143,2.6,1,21.0,16,99,6.19,0,1,0.0,1,0.0,0.0,30.0,46.2,49.2,38.2,0.0,73,0.0,0.0,0.0,0.0,0.0,3.93,10.21,1.14,7.07,0.0,0.07,0.07,0.0,2.14,3.3,0.0,1.45,0.71,1.85,0,1,0,0,1,1
LaFlDa00,DAL,TE,24,13,13,0,0,0,0.0,0,0,0,0,0.0,0,30.0,20,176,8.8,2,1,0.0,2,0.0,0.0,30.0,49.6,52.6,39.6,0.0,30,0.0,0.0,0.0,0.0,0.0,0.0,0.0,1.54,13.54,0.15,0.08,0.15,0.0,2.31,3.82,0.0,0.0,2.28,3.82,0,0,0,1,1,1
MetcEr00,ARI,WR,30,16,3,0,0,0,0.0,0,0,0,0,0.0,0,49.0,31,324,10.45,0,5,1.0,0,0.0,0.0,30.0,61.4,65.4,45.9,0.0,92,0.0,0.0,0.0,0.0,0.0,0.0,0.0,1.94,20.25,0.0,0.31,0.0,0.0,1.88,3.84,0.0,-0.12,2.02,3.96,0,0,1,0,1,1
MoorJe00,STL,RB,24,11,4,0,0,0,0.0,0,0,55,137,2.49,2,12.0,9,60,6.67,0,3,1.0,2,0.0,0.0,30.0,38.7,42.7,34.2,0.0,74,0.0,0.0,0.0,0.0,0.0,5.0,12.45,0.82,5.45,0.0,0.27,0.18,0.0,2.73,3.52,0.0,2.15,0.55,1.36,0,1,0,0,1,1
AsheJa00,WAS,TE,26,9,7,0,0,0,0.0,0,0,0,0,0.0,0,48.0,28,294,10.5,0,0,0.0,0,0.0,0.0,29.0,57.4,60.4,43.4,0.0,31,0.0,0.0,0.0,0.0,0.0,0.0,0.0,3.11,32.67,0.0,0.0,0.0,0.0,3.22,6.38,0.0,0.0,3.27,6.38,0,0,0,1,1,1
FuamCh00,PIT,RB,21,12,0,0,0,0,0.0,0,0,7,30,4.29,2,12.0,9,84,9.33,1,0,0.0,3,0.0,0.0,29.0,38.4,38.4,33.9,0.0,75,0.0,0.0,0.0,0.0,0.0,0.58,2.5,0.75,7.0,0.08,0.0,0.25,0.0,2.42,3.2,0.0,1.25,1.2,1.95,0,1,0,0,1,1
GrifHo00,DEN,RB,31,14,13,0,0,0,0.0,0,0,4,13,3.25,0,30.0,15,97,6.47,3,0,0.0,3,0.0,0.0,29.0,44.0,44.0,36.5,0.0,76,0.0,0.0,0.0,0.0,0.0,0.29,0.93,1.07,6.93,0.21,0.0,0.21,0.0,2.07,3.14,0.0,0.09,1.98,3.05,0,1,0,0,1,1
ThomJ.00,STL,WR,27,16,0,0,0,0,0.0,0,0,0,0,0.0,0,47.0,20,287,14.35,0,0,0.0,0,0.0,0.0,29.0,48.7,51.7,38.7,0.0,93,0.0,0.0,0.0,0.0,0.0,0.0,0.0,1.25,17.94,0.0,0.0,0.0,0.0,1.81,3.04,0.0,0.0,1.79,3.04,0,0,1,0,1,1
BrueMa00,PIT,TE,26,16,16,0,0,0,0.0,0,0,0,0,0.0,0,33.0,19,157,8.26,2,0,0.0,2,0.0,0.0,28.0,46.7,49.7,37.2,0.0,32,0.0,0.0,0.0,0.0,0.0,0.0,0.0,1.19,9.81,0.12,0.0,0.12,0.0,1.75,2.92,0.0,0.0,1.73,2.92,0,0,0,1,1,1
EarlQu00,BUF,WR,33,16,2,0,0,0,0.0,0,0,0,0,0.0,0,32.0,19,217,11.42,1,0,0.0,1,0.0,0.0,28.0,46.7,49.7,37.2,0.0,96,0.0,0.0,0.0,0.0,0.0,0.0,0.0,1.19,13.56,0.06,0.0,0.06,0.0,1.75,2.92,0.0,0.0,1.73,2.92,0,0,1,0,1,1
JohnPa00,BAL,WR,22,13,0,0,0,0,0.0,0,0,0,0,0.0,0,30.0,12,159,13.25,1,1,0.0,2,0.0,0.0,28.0,39.9,42.9,33.9,0.0,95,0.0,0.0,0.0,0.0,0.0,0.0,0.0,0.92,12.23,0.08,0.08,0.15,0.0,2.15,3.07,0.0,0.0,1.68,2.61,0,0,1,0,1,1
LockKe00,KAN,WR,24,13,3,0,0,0,0.0,0,0,0,0,0.0,0,33.0,19,281,14.79,0,2,0.0,0,0.0,0.0,28.0,47.1,50.1,37.6,0.0,94,0.0,0.0,0.0,0.0,0.0,0.0,0.0,1.46,21.62,0.0,0.15,0.0,0.0,2.15,3.62,0.0,0.0,2.16,3.62,0,0,1,0,1,1
ThomRo00,TEN,RB,25,11,0,0,0,0,0.0,0,0,24,100,4.17,2,8.0,6,55,9.17,0,0,0.0,2,0.0,0.0,28.0,33.5,36.5,30.5,0.0,77,0.0,0.0,0.0,0.0,0.0,2.18,9.09,0.55,5.0,0.0,0.0,0.18,0.0,2.55,3.05,0.0,2.0,0.5,1.05,0,1,0,0,1,1
DetmTy00,SFO,QB,31,16,1,24,38,312,8.21,4,3,8,7,0.88,0,0.0,0,0,0.0,0,1,0.0,0,0.0,2.0,27.0,27.2,33.2,30.2,0.0,51,0.25,1.5,2.38,19.5,0.19,0.5,0.44,0.0,0.0,0.0,0.06,0.0,0.0,1.69,1.7,1.4,0.04,0.0,0.0,1,0,0,0,1,1
LintJo00,BUF,RB,24,14,0,0,0,0,0.0,0,0,45,195,4.33,1,3.0,1,10,10.0,0,0,0.0,1,0.0,0.0,27.0,27.5,30.5,27.0,0.0,78,0.0,0.0,0.0,0.0,0.0,3.21,13.93,0.07,0.71,0.0,0.0,0.07,0.0,1.93,1.96,0.0,1.82,0.07,0.14,0,1,0,0,1,1
WardHi00,PIT,WR,22,16,0,1,1,17,17.0,0,0,1,13,13.0,0,33.0,15,246,16.4,0,0,0.0,0,0.0,0.0,27.0,41.6,44.6,34.1,0.0,97,0.0,0.06,0.06,1.06,0.0,0.06,0.81,0.94,15.38,0.0,0.0,0.0,0.0,1.69,2.6,0.04,0.08,1.54,2.48,0,0,1,0,1,1
WetnRy00,CHI,TE,28,15,4,0,0,0,0.0,0,0,0,0,0.0,0,32.0,23,168,7.3,2,1,1.0,2,0.0,0.0,27.0,49.8,53.8,38.3,0.0,33,0.0,0.0,0.0,0.0,0.0,0.0,0.0,1.53,11.2,0.13,0.07,0.13,0.0,1.8,3.32,0.0,-0.13,1.92,3.45,0,0,0,1,1,1
HuntRi00,PIT,RB,26,16,1,0,0,0,0.0,0,0,55,242,4.4,1,6.0,3,18,6.0,0,5,3.0,1,0.0,0.0,26.0,29.0,35.0,27.5,0.0,79,0.0,0.0,0.0,0.0,0.0,3.44,15.12,0.19,1.12,0.0,0.31,0.06,0.0,1.62,1.81,0.0,1.51,0.11,0.3,0,1,0,0,1,1
PerrEd00,MIA,TE,24,14,5,0,0,0,0.0,0,0,0,0,0.0,0,38.0,25,255,10.2,0,0,0.0,0,0.0,0.0,26.0,50.5,53.5,38.0,0.0,34,0.0,0.0,0.0,0.0,0.0,0.0,0.0,1.79,18.21,0.0,0.0,0.0,0.0,1.86,3.61,0.0,0.0,1.82,3.61,0,0,0,1,1,1
CullDe00,NWE,RB,26,16,0,0,0,0,0.0,0,0,18,48,2.67,0,25.0,14,146,10.43,1,1,0.0,1,0.0,0.0,25.0,39.4,42.4,32.4,0.0,80,0.0,0.0,0.0,0.0,0.0,1.12,3.0,0.88,9.12,0.06,0.06,0.06,0.0,1.56,2.46,0.0,0.3,1.29,2.16,0,1,0,0,1,1
GreeAh00,SEA,RB,21,16,0,0,0,0,0.0,0,0,35,209,5.97,1,5.0,3,2,0.67,0,1,1.0,1,0.0,0.0,25.0,28.1,32.1,26.6,0.0,82,0.0,0.0,0.0,0.0,0.0,2.19,13.06,0.19,0.12,0.0,0.06,0.06,0.0,1.56,1.76,0.0,1.56,0.01,0.2,0,1,0,0,1,1
GreeWi00,DEN,WR,32,15,1,0,0,0,0.0,0,0,0,0,0.0,0,25.0,16,194,12.13,1,0,0.0,1,0.0,0.0,25.0,41.4,44.4,33.4,0.0,98,0.0,0.0,0.0,0.0,0.0,0.0,0.0,1.07,12.93,0.07,0.0,0.07,0.0,1.67,2.76,0.0,0.0,1.69,2.76,0,0,1,0,1,1
HoyiBo00,PHI,QB,26,8,7,114,224,961,4.29,0,9,22,84,3.82,0,0.0,0,0,0.0,0,6,2.0,0,0.0,0.0,25.0,24.8,38.8,33.8,0.0,52,0.0,14.25,28.0,120.12,1.12,2.75,10.5,0.0,0.0,0.0,0.75,0.0,0.0,3.12,3.1,2.55,0.55,0.0,0.0,1,0,0,0,1,1
JohnLo00,BUF,TE,27,16,16,0,0,0,0.0,0,0,0,0,0.0,0,22.0,14,146,10.43,2,1,1.0,2,0.0,0.0,25.0,38.6,42.6,31.6,0.0,35,0.0,0.0,0.0,0.0,0.0,0.0,0.0,0.88,9.12,0.12,0.06,0.12,0.0,1.56,2.41,0.0,-0.12,1.66,2.54,0,0,0,1,1,1
RhetEr00,BAL,RB,28,13,2,0,0,0,0.0,0,0,44,180,4.09,0,14.0,11,65,5.91,0,0,0.0,0,0.0,0.0,25.0,35.5,38.5,30.0,0.0,84,0.0,0.0,0.0,0.0,0.0,3.38,13.85,0.85,5.0,0.0,0.0,0.0,0.0,1.92,2.73,0.0,1.38,0.5,1.35,0,1,0,0,1,1
ShawSe00,NWE,RB,25,13,1,0,0,0,0.0,0,0,48,236,4.92,0,11.0,6,30,5.0,0,2,1.0,0,0.0,0.0,25.0,30.6,34.6,27.6,0.0,83,0.0,0.0,0.0,0.0,0.0,3.69,18.15,0.46,2.31,0.0,0.15,0.0,0.0,1.92,2.35,0.0,1.66,0.23,0.69,0,1,0,0,1,1
ZellRa00,NOR,RB,25,11,7,0,0,0,0.0,0,0,56,162,2.89,1,16.0,10,50,5.0,0,2,1.0,1,0.0,0.0,25.0,35.2,39.2,30.2,0.0,81,0.0,0.0,0.0,0.0,0.0,5.09,14.73,0.91,4.55,0.0,0.18,0.09,0.0,2.27,3.2,0.0,1.84,0.45,1.36,0,1,0,0,1,1
GreeE.00,IND,WR,23,11,0,0,0,0,0.0,0,0,0,0,0.0,0,31.0,15,177,11.8,1,0,0.0,1,0.0,0.0,24.0,38.7,41.7,31.2,0.0,100,0.0,0.0,0.0,0.0,0.0,0.0,0.0,1.36,16.09,0.09,0.0,0.09,0.0,2.18,3.52,0.0,0.0,2.15,3.52,0,0,1,0,1,1
ParmBe00,MIA,RB,31,15,0,0,0,0,0.0,0,0,8,20,2.5,0,25.0,21,221,10.52,0,2,0.0,0,0.0,0.0,24.0,45.1,48.1,34.6,0.0,85,0.0,0.0,0.0,0.0,0.0,0.53,1.33,1.4,14.73,0.0,0.13,0.0,0.0,1.6,3.01,0.0,0.13,1.47,2.87,0,1,0,0,1,1
PattDa00,NYG,WR,24,12,0,0,0,0,0.0,0,0,0,0,0.0,0,27.0,11,119,10.82,1,0,0.0,2,0.0,0.0,24.0,34.9,37.9,29.4,0.0,99,0.0,0.0,0.0,0.0,0.0,0.0,0.0,0.92,9.92,0.08,0.0,0.17,0.0,2.0,2.91,0.0,0.0,1.49,2.41,0,0,1,0,1,1
HallTy00,CHI,RB,27,16,10,0,0,0,0.0,0,0,13,41,3.15,1,35.0,25,166,6.64,0,3,2.0,1,0.0,0.0,23.0,47.7,52.7,35.2,0.0,88,0.0,0.0,0.0,0.0,0.0,0.81,2.56,1.56,10.38,0.0,0.19,0.06,0.0,1.44,2.98,0.0,0.38,1.04,2.6,0,1,0,0,1,1
MilnBr00,CIN,RB,25,14,14,0,0,0,0.0,0,0,10,41,4.1,1,39.0,26,124,4.77,0,0,0.0,1,0.0,0.0,23.0,48.5,51.5,35.5,0.0,90,0.0,0.0,0.0,0.0,0.0,0.71,2.93,1.86,8.86,0.0,0.0,0.07,0.0,1.64,3.46,0.0,0.72,0.89,2.74,0,1,0,0,1,1
RitcJo00,OAK,RB,24,15,10,0,0,0,0.0,0,0,9,23,2.56,0,47.0,29,225,7.76,0,2,1.0,0,0.0,0.0,23.0,51.8,55.8,37.3,0.0,87,0.0,0.0,0.0,0.0,0.0,0.6,1.53,1.93,15.0,0.0,0.13,0.0,0.0,1.53,3.45,0.0,0.02,1.5,3.43,0,1,0,0,1,1
ShelDa00,JAX,RB,26,14,8,0,0,0,0.0,0,0,30,95,3.17,1,15.0,10,79,7.9,0,0,0.0,1,0.0,0.0,23.0,33.4,33.4,28.4,0.0,86,0.0,0.0,0.0,0.0,0.0,2.14,6.79,0.71,5.64,0.0,0.0,0.07,0.0,1.64,2.39,0.0,1.11,0.56,1.28,0,1,0,0,1,1
SoloFr00,PHI,WR,26,16,1,0,0,0,0.0,0,0,0,0,0.0,0,48.0,21,193,9.19,1,0,1.0,1,0.0,0.0,23.0,44.3,48.3,33.8,0.0,101,0.0,0.0,0.0,0.0,0.0,0.0,0.0,1.31,12.06,0.06,0.0,0.06,0.0,1.44,2.77,0.0,-0.12,1.58,2.89,0,0,1,0,1,1
WarrLa00,IND,RB,25,12,2,0,0,0,0.0,0,0,25,61,2.44,1,17.0,11,44,4.0,1,0,0.0,2,0.0,0.0,23.0,33.5,33.5,28.0,0.0,89,0.0,0.0,0.0,0.0,0.0,2.08,5.08,0.92,3.67,0.08,0.0,0.17,0.0,1.92,2.79,0.0,1.01,0.87,1.78,0,1,0,0,1,1
BankTa00,JAX,RB,24,6,1,0,0,0,0.0,0,0,26,140,5.38,1,4.0,4,20,5.0,0,2,0.0,1,0.0,0.0,22.0,26.0,29.0,24.0,0.0,92,0.0,0.0,0.0,0.0,0.0,4.33,23.33,0.67,3.33,0.0,0.33,0.17,0.0,3.67,4.33,0.0,3.33,0.33,1.0,0,1,0,0,1,1
BrisVi00,NWE,WR,27,6,1,0,0,0,0.0,0,0,0,0,0.0,0,21.0,7,96,13.71,2,0,0.0,2,0.0,0.0,22.0,28.6,28.6,25.1,0.0,104,0.0,0.0,0.0,0.0,0.0,0.0,0.0,1.17,16.0,0.33,0.0,0.33,0.0,3.67,4.77,0.0,0.0,3.6,4.77,0,0,1,0,1,1
HatcMa00,MIN,WR,24,5,0,0,0,0,0.0,0,0,0,0,0.0,0,25.0,15,216,14.4,0,0,0.0,0,0.0,0.0,22.0,36.6,39.6,29.1,0.0,105,0.0,0.0,0.0,0.0,0.0,0.0,0.0,3.0,43.2,0.0,0.0,0.0,0.0,4.4,7.32,0.0,0.0,4.32,7.32,0,0,1,0,1,1
HornJo00,KAN,WR,26,16,1,0,0,0,0.0,0,0,1,0,0.0,0,24.0,14,198,14.14,1,2,2.0,1,0.0,0.0,22.0,35.8,40.8,28.8,0.0,103,0.0,0.0,0.0,0.0,0.0,0.06,0.0,0.88,12.38,0.06,0.12,0.06,0.0,1.38,2.24,0.0,-0.25,1.61,2.49,0,0,1,0,1,1
RiveRo00,DET,RB,27,15,0,0,0,0,0.0,0,0,19,102,5.37,1,3.0,3,58,19.33,0,0,0.0,1,0.0,0.0,22.0,25.0,28.0,23.5,0.0,91,0.0,0.0,0.0,0.0,0.0,1.27,6.8,0.2,3.87,0.0,0.0,0.07,0.0,1.47,1.67,0.0,1.08,0.39,0.59,0,1,0,0,1,1
ThraJa00,WAS,WR,23,10,1,0,0,0,0.0,0,0,0,0,0.0,0,21.0,10,163,16.3,1,0,0.0,1,0.0,0.0,22.0,32.3,35.3,27.3,0.0,102,0.0,0.0,0.0,0.0,0.0,0.0,0.0,1.0,16.3,0.1,0.0,0.1,0.0,2.2,3.23,0.0,0.0,2.23,3.23,0,0,1,0,1,1
EvanCh00,MIN,RB,31,16,8,0,0,0,0.0,0,0,23,67,2.91,1,13.0,12,84,7.0,0,0,0.0,1,0.0,0.0,21.0,33.1,33.1,27.1,0.0,94,0.0,0.0,0.0,0.0,0.0,1.44,4.19,0.75,5.25,0.0,0.0,0.06,0.0,1.31,2.07,0.0,0.79,0.52,1.27,0,1,0,0,1,1
FrieJo00,SEA,QB,31,6,1,29,49,409,8.35,2,2,5,5,1.0,0,0.0,0,0,0.0,0,0,0.0,0,0.0,0.0,21.0,20.9,25.9,22.9,0.0,55,0.33,4.83,8.17,68.17,0.33,0.83,0.83,0.0,0.0,0.0,0.0,0.0,0.0,3.5,3.48,3.39,0.08,0.0,0.0,1,0,0,0,1,1
PurnLo00,NWE,TE,26,16,5,0,0,0,0.0,0,0,0,0,0.0,0,26.0,12,92,7.67,2,0,0.0,2,0.0,0.0,21.0,33.2,33.2,27.2,0.0,36,0.0,0.0,0.0,0.0,0.0,0.0,0.0,0.75,5.75,0.12,0.0,0.12,0.0,1.31,2.08,0.0,0.0,1.32,2.08,0,0,0,1,1,1
SloaDa00,DET,TE,26,10,2,0,0,0,0.0,0,0,0,0,0.0,0,20.0,11,146,13.27,1,0,0.0,1,0.0,0.0,21.0,31.6,34.6,26.1,0.0,37,0.0,0.0,0.0,0.0,0.0,0.0,0.0,1.1,14.6,0.1,0.0,0.1,0.0,2.1,3.16,0.0,0.0,2.06,3.16,0,0,0,1,1,1
ClarGr00,SFO,TE,26,13,9,0,0,0,0.0,0,0,0,0,0.0,0,26.0,12,124,10.33,1,0,0.0,1,1.0,0.0,20.0,32.4,35.4,26.4,0.0,39,0.0,0.0,0.0,0.0,0.0,0.0,0.0,0.92,9.54,0.08,0.0,0.08,0.08,1.54,2.49,0.0,0.0,1.42,2.34,0,0,0,1,1,1
JordRa00,OAK,RB,28,16,0,0,0,0,0.0,0,0,47,159,3.38,1,3.0,3,2,0.67,0,1,1.0,1,0.0,0.0,20.0,23.1,27.1,21.6,0.0,95,0.0,0.0,0.0,0.0,0.0,2.94,9.94,0.19,0.12,0.0,0.06,0.06,0.0,1.25,1.44,0.0,1.24,0.01,0.2,0,1,0,0,1,1
KincTo00,ATL,WR,29,11,0,0,0,0,0.0,0,0,0,0,0.0,0,20.0,11,157,14.27,1,2,1.0,1,0.0,0.0,20.0,30.7,34.7,25.2,0.0,107,0.0,0.0,0.0,0.0,0.0,0.0,0.0,1.0,14.27,0.09,0.18,0.09,0.0,1.82,2.79,0.0,-0.18,1.97,2.97,0,0,1,0,1,1
WillRo01,STL,TE,23,13,9,0,0,0,0.0,0,0,0,0,0.0,0,21.0,15,144,9.6,1,0,0.0,1,0.0,0.0,20.0,35.4,38.4,27.9,0.0,38,0.0,0.0,0.0,0.0,0.0,0.0,0.0,1.15,11.08,0.08,0.0,0.08,0.0,1.54,2.72,0.0,0.0,1.57,2.72,0,0,0,1,1,1
BienEr00,CIN,RB,29,16,0,0,0,0,0.0,0,0,17,56,3.29,0,35.0,27,153,5.67,0,1,1.0,0,0.0,0.0,19.0,45.9,49.9,32.4,0.0,97,0.0,0.0,0.0,0.0,0.0,1.06,3.5,1.69,9.56,0.0,0.06,0.0,0.0,1.19,2.87,0.0,0.22,0.96,2.64,0,1,0,0,1,1
StepTr00,SDG,RB,22,13,1,0,0,0,0.0,0,0,35,122,3.49,1,6.0,2,9,4.5,0,1,0.0,1,0.0,0.0,19.0,21.1,24.1,20.1,0.0,96,0.0,0.0,0.0,0.0,0.0,2.69,9.38,0.15,0.69,0.0,0.08,0.08,0.0,1.46,1.62,0.0,1.4,0.07,0.22,0,1,0,0,1,1
ZolaSc00,NWE,QB,31,6,2,32,75,371,4.95,3,3,5,0,0.0,0,0.0,0,0,0.0,0,1,1.0,0,0.0,0.0,19.0,18.8,25.8,21.8,0.0,56,0.5,5.33,12.5,61.83,0.5,0.83,0.0,0.0,0.0,0.0,0.17,0.0,0.0,3.17,3.13,3.47,-0.33,0.0,0.0,1,0,0,0,1,1
BrouLu00,CAR,TE,24,16,4,0,0,0,0.0,0,0,0,0,0.0,0,14.0,6,142,23.67,1,1,1.0,1,0.0,0.0,18.0,24.2,28.2,21.2,0.0,40,0.0,0.0,0.0,0.0,0.0,0.0,0.0,0.38,8.88,0.06,0.06,0.06,0.0,1.12,1.51,0.0,-0.12,1.26,1.64,0,0,0,1,1,1
MayeAl00,CHI,TE,23,16,16,0,0,0,0.0,0,0,0,0,0.0,0,36.0,21,217,10.33,0,2,2.0,0,0.0,0.0,18.0,38.7,43.7,28.2,0.0,42,0.0,0.0,0.0,0.0,0.0,0.0,0.0,1.31,13.56,0.0,0.12,0.0,0.0,1.12,2.42,0.0,-0.25,1.36,2.67,0,0,0,1,1,1
PritSt00,MIA,RB,25,16,12,0,0,0,0.0,0,0,6,19,3.17,1,30.0,17,97,5.71,0,0,0.0,1,0.0,0.0,18.0,34.6,34.6,26.1,0.0,100,0.0,0.0,0.0,0.0,0.0,0.38,1.19,1.06,6.06,0.0,0.0,0.06,0.0,1.12,2.16,0.0,0.49,0.61,1.67,0,1,0,0,1,1
RasbWa00,DET,TE,26,16,16,0,0,0,0.0,0,0,0,0,0.0,0,26.0,15,119,7.93,1,0,0.0,1,0.0,0.0,18.0,32.9,35.9,25.4,0.0,41,0.0,0.0,0.0,0.0,0.0,0.0,0.0,0.94,7.44,0.06,0.0,0.06,0.0,1.12,2.06,0.0,0.0,1.12,2.06,0,0,0,1,1,1
RichTo00,KAN,RB,27,14,1,0,0,0,0.0,0,0,20,45,2.25,2,3.0,2,13,6.5,0,0,0.0,2,0.0,0.0,18.0,19.8,19.8,18.8,0.0,99,0.0,0.0,0.0,0.0,0.0,1.43,3.21,0.14,0.93,0.0,0.0,0.14,0.0,1.29,1.41,0.0,1.18,0.09,0.24,0,1,0,0,1,1
RoexJa00,BAL,WR,25,10,3,0,0,0,0.0,0,0,0,0,0.0,0,15.0,8,115,14.38,1,0,0.0,1,0.0,0.0,18.0,25.5,28.5,21.5,0.0,109,0.0,0.0,0.0,0.0,0.0,0.0,0.0,0.8,11.5,0.1,0.0,0.1,0.0,1.8,2.55,0.0,0.0,1.75,2.55,0,0,1,0,1,1
SoweJe00,NYJ,RB,24,16,2,0,0,0,0.0,0,0,40,164,4.1,0,12.0,10,59,5.9,0,2,2.0,0,0.0,0.0,18.0,28.3,33.3,23.3,0.0,98,0.0,0.0,0.0,0.0,0.0,2.5,10.25,0.62,3.69,0.0,0.12,0.0,0.0,1.12,1.77,0.0,0.77,0.37,0.99,0,1,0,0,1,1
StroMa00,SEA,RB,27,16,5,0,0,0,0.0,0,0,15,47,3.13,0,14.0,8,48,6.0,2,2,2.0,2,0.0,0.0,18.0,25.5,27.5,21.5,0.0,101,0.0,0.0,0.0,0.0,0.0,0.94,2.94,0.5,3.0,0.12,0.12,0.12,0.0,1.12,1.59,0.0,0.04,1.05,1.55,0,1,0,0,1,1
CartTo00,NWE,RB,26,11,7,0,0,0,0.0,0,0,2,3,1.5,0,25.0,18,166,9.22,0,0,0.0,0,0.0,0.0,17.0,34.9,37.9,25.9,0.0,102,0.0,0.0,0.0,0.0,0.0,0.18,0.27,1.64,15.09,0.0,0.0,0.0,0.0,1.55,3.17,0.0,0.03,1.51,3.15,0,1,0,0,1,1
HundJa00,CIN,WR,27,9,3,0,0,0,0.0,0,0,0,0,0.0,0,21.0,10,112,11.2,1,0,0.0,1,0.0,0.0,17.0,27.2,30.2,22.2,0.0,111,0.0,0.0,0.0,0.0,0.0,0.0,0.0,1.11,12.44,0.11,0.0,0.11,0.0,1.89,3.02,0.0,0.0,1.91,3.02,0,0,1,0,1,1
JackWi00,CIN,WR,27,8,0,0,0,0,0.0,0,0,0,0,0.0,0,16.0,7,165,23.57,0,0,0.0,0,0.0,0.0,17.0,23.5,26.5,20.0,0.0,112,0.0,0.0,0.0,0.0,0.0,0.0,0.0,0.88,20.62,0.0,0.0,0.0,0.0,2.12,2.94,0.0,0.0,2.06,2.94,0,0,1,0,1,1
JustPa00,CIN,QB,30,5,3,34,63,426,6.76,1,3,1,2,2.0,0,0.0,0,0,0.0,0,0,0.0,0,1.0,0.0,17.0,17.2,23.2,20.2,0.0,57,0.2,6.8,12.6,85.2,0.6,0.2,0.4,0.0,0.0,0.0,0.0,0.0,0.2,3.4,3.44,3.01,0.04,0.0,0.0,1,0,0,0,1,1
MitcSc00,DET,QB,30,2,2,38,75,452,6.03,1,3,7,30,4.29,0,0.0,0,0,0.0,0,1,1.0,0,0.0,0.0,17.0,17.1,24.1,20.1,0.0,58,0.5,19.0,37.5,226.0,1.5,3.5,15.0,0.0,0.0,0.0,0.5,0.0,0.0,8.5,8.55,8.04,0.5,0.0,0.0,1,0,0,0,1,1
ThomCh00,WAS,WR,27,14,0,0,0,0,0.0,0,0,0,0,0.0,0,20.0,14,173,12.36,0,0,0.0,0,0.0,0.0,17.0,31.3,34.3,24.3,0.0,110,0.0,0.0,0.0,0.0,0.0,0.0,0.0,1.0,12.36,0.0,0.0,0.0,0.0,1.21,2.24,0.0,0.0,1.24,2.24,0,0,1,0,1,1
BladBr00,SEA,WR,33,16,6,0,0,0,0.0,0,0,0,0,0.0,0,28.0,15,184,12.27,0,1,1.0,0,0.0,0.0,16.0,31.4,35.4,23.9,0.0,113,0.0,0.0,0.0,0.0,0.0,0.0,0.0,0.94,11.5,0.0,0.06,0.0,0.0,1.0,1.96,0.0,-0.12,1.15,2.09,0,0,1,0,1,1
KozlBr00,ATL,TE,28,16,4,0,0,0,0.0,0,0,0,0,0.0,0,12.0,10,103,10.3,1,0,0.0,1,0.0,0.0,16.0,26.3,29.3,21.3,0.0,43,0.0,0.0,0.0,0.0,0.0,0.0,0.0,0.62,6.44,0.06,0.0,0.06,0.0,1.0,1.64,0.0,0.0,1.02,1.64,0,0,0,1,1,1
GrahJa00,BAL,RB,23,5,1,0,0,0,0.0,0,0,35,109,3.11,0,10.0,5,41,8.2,0,0,0.0,0,0.0,0.0,15.0,20.0,23.0,17.5,0.0,103,0.0,0.0,0.0,0.0,0.0,7.0,21.8,1.0,8.2,0.0,0.0,0.0,0.0,3.0,4.0,0.0,2.18,0.82,1.82,0,1,0,0,1,1
JureJo00,NYG,WR,24,14,1,0,0,0,0.0,0,0,0,0,0.0,0,22.0,9,146,16.22,0,0,0.0,0,0.0,0.0,15.0,23.6,26.6,19.1,0.0,115,0.0,0.0,0.0,0.0,0.0,0.0,0.0,0.64,10.43,0.0,0.0,0.0,0.0,1.07,1.69,0.0,0.0,1.04,1.69,0,0,1,0,1,1
RoanMi00,TEN,TE,26,16,1,0,0,0,0.0,0,0,0,0,0.0,0,22.0,13,93,7.15,0,1,0.0,1,0.0,0.0,15.0,28.3,28.3,21.8,0.0,44,0.0,0.0,0.0,0.0,0.0,0.0,0.0,0.81,5.81,0.0,0.06,0.06,0.0,0.94,1.77,0.0,0.0,0.58,1.39,0,0,0,1,1,1
JohnDa00,DAL,RB,32,16,13,0,0,0,0.0,0,0,8,17,2.13,0,23.0,18,60,3.33,1,0,0.0,1,0.0,0.0,14.0,31.7,31.7,22.7,0.0,105,0.0,0.0,0.0,0.0,0.0,0.5,1.06,1.12,3.75,0.06,0.0,0.06,0.0,0.88,1.98,0.0,0.11,0.75,1.88,0,1,0,0,1,1
McAfFr00,PIT,RB,30,14,0,0,0,0,0.0,0,0,18,111,6.17,0,13.0,9,27,3.0,0,0,0.0,0,0.0,0.0,14.0,22.8,25.8,18.3,0.0,104,0.0,0.0,0.0,0.0,0.0,1.29,7.93,0.64,1.93,0.0,0.0,0.0,0.0,1.0,1.63,0.0,0.79,0.19,0.84,0,1,0,0,1,1
WillSt00,CIN,WR,25,5,0,0,0,0,0.0,0,0,0,0,0.0,0,13.0,6,81,13.5,1,0,0.0,1,0.0,0.0,14.0,20.1,20.1,17.1,0.0,116,0.0,0.0,0.0,0.0,0.0,0.0,0.0,1.2,16.2,0.2,0.0,0.2,0.0,2.8,4.02,0.0,0.0,2.82,4.02,0,0,1,0,1,1
BownFa00,CHI,WR,26,16,0,0,0,0,0.0,0,0,0,0,0.0,0,9.0,5,69,13.8,1,0,0.0,1,0.0,0.0,13.0,17.9,17.9,15.4,0.0,117,0.0,0.0,0.0,0.0,0.0,0.0,0.0,0.31,4.31,0.06,0.0,0.06,0.0,0.81,1.12,0.0,0.0,0.81,1.12,0,0,1,0,1,1
DunnJa00,PHI,TE,25,10,10,0,0,0,0.0,0,0,1,-5,-5.0,0,30.0,18,132,7.33,0,1,0.0,0,0.0,0.0,13.0,30.7,33.7,21.7,0.0,45,0.0,0.0,0.0,0.0,0.0,0.1,-0.5,1.8,13.2,0.0,0.1,0.0,0.0,1.3,3.07,0.0,-0.05,1.32,3.12,0,0,0,1,1,1
JoneGe00,JAX,RB,25,12,0,0,0,0,0.0,0,0,39,121,3.1,0,2.0,1,9,9.0,0,0,0.0,0,0.0,0.0,13.0,14.0,17.0,13.5,0.0,106,0.0,0.0,0.0,0.0,0.0,3.25,10.08,0.08,0.75,0.0,0.0,0.0,0.0,1.08,1.17,0.0,1.01,0.08,0.16,0,1,0,0,1,1
BowiLa00,WAS,RB,25,5,4,0,0,0,0.0,0,0,4,8,2.0,0,10.0,7,53,7.57,1,0,0.0,1,0.0,0.0,12.0,19.1,19.1,15.6,0.0,107,0.0,0.0,0.0,0.0,0.0,0.8,1.6,1.4,10.6,0.2,0.0,0.2,0.0,2.4,3.82,0.0,0.16,2.26,3.66,0,1,0,0,1,1
ChryPe00,DET,TE,24,16,2,0,0,0,0.0,0,0,0,0,0.0,0,7.0,4,20,5.0,2,1,1.0,2,0.0,0.0,12.0,16.0,17.0,14.0,0.0,46,0.0,0.0,0.0,0.0,0.0,0.0,0.0,0.25,1.25,0.12,0.06,0.12,0.0,0.75,1.0,0.0,-0.12,0.88,1.12,0,0,0,1,1,1
EllaHe00,2TM,WR,37,7,0,0,0,0,0.0,0,0,0,0,0.0,0,18.0,7,115,16.43,0,0,0.0,0,0.0,0.0,12.0,18.5,21.5,15.0,0.0,120,0.0,0.0,0.0,0.0,0.0,0.0,0.0,1.0,16.43,0.0,0.0,0.0,0.0,1.71,2.64,0.0,0.0,1.64,2.64,0,0,1,0,1,1
HobeBi00,NOR,QB,27,1,1,11,23,170,7.39,1,0,2,13,6.5,0,0.0,0,0,0.0,0,0,0.0,0,0.0,0.0,12.0,12.1,12.1,12.1,0.0,60,1.0,11.0,23.0,170.0,0.0,2.0,13.0,0.0,0.0,0.0,0.0,0.0,0.0,12.0,12.1,10.8,1.3,0.0,0.0,1,0,0,0,1,1
JacqNa00,MIA,WR,23,15,0,0,0,0,0.0,0,0,0,0,0.0,0,16.0,8,122,15.25,0,0,0.0,0,0.0,0.0,12.0,20.2,23.2,16.2,0.0,119,0.0,0.0,0.0,0.0,0.0,0.0,0.0,0.53,8.13,0.0,0.0,0.0,0.0,0.8,1.35,0.0,0.0,0.81,1.35,0,0,1,0,1,1
ThomRo01,TAM,WR,32,7,0,0,0,0,0.0,0,0,0,0,0.0,0,5.0,2,63,31.5,1,0,0.0,1,0.0,0.0,12.0,14.3,14.3,13.3,0.0,118,0.0,0.0,0.0,0.0,0.0,0.0,0.0,0.29,9.0,0.14,0.0,0.14,0.0,1.71,2.04,0.0,0.0,1.76,2.04,0,0,1,0,1,1
TomcMi00,PIT,QB,36,16,0,21,30,204,6.8,2,2,0,0,0.0,0,0.0,0,0,0.0,0,2,2.0,0,0.0,2.0,12.0,12.2,16.2,14.2,0.0,59,0.12,1.31,1.88,12.75,0.12,0.0,0.0,0.0,0.0,0.0,0.12,0.0,0.0,0.75,0.76,0.76,-0.25,0.0,0.0,1,0,0,0,1,1
BattMa00,CIN,TE,25,16,0,0,0,0,0.0,0,0,0,0,0.0,0,20.0,10,47,4.7,1,1,0.0,1,0.0,0.0,11.0,20.7,20.7,15.7,0.0,49,0.0,0.0,0.0,0.0,0.0,0.0,0.0,0.62,2.94,0.06,0.06,0.06,0.0,0.69,1.29,0.0,0.0,0.67,1.29,0,0,0,1,1,1
BoydTo00,DET,WR,27,9,0,0,0,0,0.0,0,0,0,0,0.0,0,11.0,4,52,13.0,1,0,0.0,1,0.0,0.0,11.0,15.2,15.2,13.2,0.0,121,0.0,0.0,0.0,0.0,0.0,0.0,0.0,0.44,5.78,0.11,0.0,0.11,0.0,1.22,1.69,0.0,0.0,1.24,1.69,0,0,1,0,1,1
ConwEr00,STL,TE,26,7,7,0,0,0,0.0,0,0,0,0,0.0,0,30.0,15,105,7.0,0,0,0.0,0,0.0,0.0,11.0,25.5,28.5,18.0,0.0,50,0.0,0.0,0.0,0.0,0.0,0.0,0.0,2.14,15.0,0.0,0.0,0.0,0.0,1.57,3.64,0.0,0.0,1.5,3.64,0,0,0,1,1,1
CrumCa00,SEA,TE,27,11,1,0,0,0,0.0,0,0,0,0,0.0,0,11.0,6,52,8.67,1,0,0.0,1,0.0,0.0,11.0,17.2,17.2,14.2,0.0,47,0.0,0.0,0.0,0.0,0.0,0.0,0.0,0.55,4.73,0.09,0.0,0.09,0.0,1.0,1.56,0.0,0.0,1.02,1.56,0,0,0,1,1,1
FrerGu00,WAS,QB,27,3,2,25,54,283,5.24,1,3,3,20,6.67,0,0.0,0,0,0.0,0,0,0.0,0,0.0,0.0,11.0,11.3,14.3,14.3,0.0,61,0.33,8.33,18.0,94.33,1.0,1.0,6.67,0.0,0.0,0.0,0.0,0.0,0.0,3.67,3.77,3.11,0.67,0.0,0.0,1,0,0,0,1,1
KincBr00,BAL,TE,33,16,5,0,0,0,0.0,0,0,0,0,0.0,0,20.0,13,110,8.46,0,0,0.0,0,0.0,0.0,11.0,24.0,27.0,17.5,0.0,48,0.0,0.0,0.0,0.0,0.0,0.0,0.0,0.81,6.88,0.0,0.0,0.0,0.0,0.69,1.5,0.0,0.0,0.69,1.5,0,0,0,1,1,1
PedeDo00,GNB,QB,30,12,0,14,24,128,5.33,2,0,8,-4,-0.5,0,0.0,0,0,0.0,0,1,1.0,0,0.0,0.0,11.0,10.7,11.7,10.7,0.0,62,0.17,1.17,2.0,10.67,0.0,0.67,-0.33,0.0,0.0,0.0,0.08,0.0,0.0,0.92,0.89,1.09,-0.2,0.0,0.0,1,0,0,0,1,1
SandCh00,TEN,WR,26,14,1,0,0,0,0.0,0,0,1,-9,-9.0,0,20.0,5,136,27.2,0,1,1.0,0,0.0,0.0,11.0,15.7,19.7,13.2,0.0,123,0.0,0.0,0.0,0.0,0.0,0.07,-0.64,0.36,9.71,0.0,0.07,0.0,0.0,0.79,1.12,0.0,-0.21,0.97,1.33,0,0,1,0,1,1
ShehRa00,KAN,RB,23,16,0,0,0,0,0.0,0,0,22,57,2.59,0,22.0,10,73,7.3,0,2,1.0,0,0.0,0.0,11.0,21.0,22.0,16.0,0.0,109,0.0,0.0,0.0,0.0,0.0,1.38,3.56,0.62,4.56,0.0,0.12,0.0,0.0,0.69,1.31,0.0,0.23,0.46,1.08,0,1,0,0,1,1
NealLo00,TAM,RB,28,16,1,0,0,0,0.0,0,0,5,25,5.0,0,8.0,5,14,2.8,1,0,0.0,1,0.0,0.0,10.0,14.9,14.9,12.4,0.0,111,0.0,0.0,0.0,0.0,0.0,0.31,1.56,0.31,0.88,0.06,0.0,0.06,0.0,0.62,0.93,0.0,0.16,0.46,0.78,0,1,0,0,1,1
PerrWi00,NOR,RB,23,6,2,0,0,0,0.0,0,0,30,122,4.07,0,6.0,1,2,2.0,0,1,1.0,0,0.0,0.0,10.0,11.4,15.4,10.9,0.0,110,0.0,0.0,0.0,0.0,0.0,5.0,20.33,0.17,0.33,0.0,0.17,0.0,0.0,1.67,1.9,0.0,1.7,0.03,0.2,0,1,0,0,1,1
RobiMa00,CHI,WR,23,3,0,0,0,0,0.0,0,0,0,0,0.0,0,6.0,4,44,11.0,1,0,0.0,1,0.0,0.0,10.0,14.4,14.4,12.4,0.0,124,0.0,0.0,0.0,0.0,0.0,0.0,0.0,1.33,14.67,0.33,0.0,0.33,0.0,3.33,4.8,0.0,0.0,3.47,4.8,0,0,1,0,1,1
BrouSt00,SEA,RB,31,15,0,0,0,0,0.0,0,0,5,4,0.8,0,7.0,4,21,5.25,0,1,0.0,1,0.0,0.0,9.0,12.5,12.5,10.5,0.0,114,0.0,0.0,0.0,0.0,0.0,0.33,0.27,0.27,1.4,0.0,0.07,0.07,0.0,0.6,0.83,0.0,0.03,0.14,0.41,0,1,0,0,0,0
BrowDe00,OAK,TE,28,16,4,0,0,0,0.0,0,0,0,0,0.0,0,8.0,7,89,12.71,0,0,0.0,0,0.0,0.0,9.0,15.9,15.9,12.4,0.0,54,0.0,0.0,0.0,0.0,0.0,0.0,0.0,0.44,5.56,0.0,0.0,0.0,0.0,0.56,0.99,0.0,0.0,0.56,0.99,0,0,0,1,0,0
PopsTe00,KAN,TE,32,12,1,0,0,0,0.0,0,0,0,0,0.0,0,18.0,13,90,6.92,0,0,0.0,0,0.0,0.0,9.0,22.0,22.0,15.5,0.0,53,0.0,0.0,0.0,0.0,0.0,0.0,0.0,1.08,7.5,0.0,0.0,0.0,0.0,0.75,1.83,0.0,0.0,0.75,1.83,0,0,0,1,0,0
SchlCo00,DET,RB,26,15,2,0,0,0,0.0,0,0,5,17,3.4,0,6.0,3,16,5.33,1,0,0.0,1,0.0,0.0,9.0,12.3,12.3,10.8,0.0,112,0.0,0.0,0.0,0.0,0.0,0.33,1.13,0.2,1.07,0.07,0.0,0.07,0.0,0.6,0.82,0.0,0.11,0.51,0.71,0,1,0,0,0,0
ThomJe00,GNB,TE,29,16,2,0,0,0,0.0,0,0,0,0,0.0,0,10.0,9,89,9.89,0,0,0.0,0,0.0,0.0,9.0,17.9,17.9,13.4,0.0,55,0.0,0.0,0.0,0.0,0.0,0.0,0.0,0.56,5.56,0.0,0.0,0.0,0.0,0.56,1.12,0.0,0.0,0.56,1.12,0,0,0,1,0,0
MoreMo00,CHI,QB,23,2,1,19,43,166,3.86,1,0,4,9,2.25,0,0.0,0,0,0.0,0,2,2.0,0,0.0,0.0,8.0,7.5,9.5,7.5,0.0,63,0.5,9.5,21.5,83.0,0.0,2.0,4.5,0.0,0.0,0.0,1.0,0.0,0.0,4.0,3.75,5.32,-1.55,0.0,0.0,1,0,0,0,0,0
OgdeJe00,DAL,WR,23,16,0,0,0,0,0.0,0,0,1,12,12.0,0,15.0,8,63,7.88,0,1,0.0,0,0.0,0.0,8.0,15.5,15.5,11.5,0.0,128,0.0,0.0,0.0,0.0,0.0,0.06,0.75,0.5,3.94,0.0,0.06,0.0,0.0,0.5,0.97,0.0,0.08,0.39,0.89,0,0,1,0,0,0
StabBr00,DET,WR,28,10,0,0,0,0,0.0,0,0,0,0,0.0,0,11.0,7,80,11.43,0,0,0.0,0,0.0,0.0,8.0,15.0,15.0,11.5,0.0,126,0.0,0.0,0.0,0.0,0.0,0.0,0.0,0.7,8.0,0.0,0.0,0.0,0.0,0.8,1.5,0.0,0.0,0.8,1.5,0,0,1,0,0,0
WitmJo00,PIT,RB,26,16,9,0,0,0,0.0,0,0,1,2,2.0,0,20.0,13,74,5.69,0,0,0.0,0,0.0,0.0,8.0,20.6,20.6,14.1,0.0,115,0.0,0.0,0.0,0.0,0.0,0.06,0.12,0.81,4.62,0.0,0.0,0.0,0.0,0.5,1.29,0.0,0.01,0.46,1.27,0,1,0,0,0,0
ByrdIs00,TEN,WR,24,4,3,0,0,0,0.0,0,0,0,0,0.0,0,8.0,6,71,11.83,0,0,0.0,0,0.0,0.0,7.0,13.1,13.1,10.1,0.0,130,0.0,0.0,0.0,0.0,0.0,0.0,0.0,1.5,17.75,0.0,0.0,0.0,0.0,1.75,3.28,0.0,0.0,1.78,3.28,0,0,1,0,0,0
CrosHo00,NYG,TE,31,16,16,0,0,0,0.0,0,0,0,0,0.0,0,29.0,13,90,6.92,0,2,1.0,0,0.0,0.0,7.0,20.0,21.0,13.5,0.0,57,0.0,0.0,0.0,0.0,0.0,0.0,0.0,0.81,5.62,0.0,0.12,0.0,0.0,0.44,1.25,0.0,-0.12,0.56,1.38,0,0,0,1,0,0
DaviJo00,TAM,TE,25,16,0,0,0,0,0.0,0,0,0,0,0.0,0,3.0,2,12,6.0,1,0,0.0,1,0.0,0.0,7.0,9.2,9.2,8.2,0.0,56,0.0,0.0,0.0,0.0,0.0,0.0,0.0,0.12,0.75,0.06,0.0,0.06,0.0,0.44,0.57,0.0,0.0,0.45,0.57,0,0,0,1,0,0
GreeHa00,ATL,RB,30,6,0,0,0,0,0.0,0,0,20,37,1.85,0,2.0,2,34,17.0,0,1,0.0,0,0.0,0.0,7.0,9.1,9.1,8.1,0.0,116,0.0,0.0,0.0,0.0,0.0,3.33,6.17,0.33,5.67,0.0,0.17,0.0,0.0,1.17,1.52,0.0,0.62,0.57,0.9,0,1,0,0,0,0
HarrMa01,SFO,WR,28,10,0,0,0,0,0.0,0,0,0,0,0.0,0,2.0,2,67,33.5,0,0,0.0,0,0.0,0.0,7.0,8.7,8.7,7.7,0.0,131,0.0,0.0,0.0,0.0,0.0,0.0,0.0,0.2,6.7,0.0,0.0,0.0,0.0,0.7,0.87,0.0,0.0,0.67,0.87,0,0,1,0,0,0
MayxDe00,SEA,TE,29,16,1,0,0,0,0.0,0,0,0,0,0.0,0,3.0,3,7,2.33,1,0,0.0,1,0.0,0.0,7.0,9.7,9.7,8.2,0.0,58,0.0,0.0,0.0,0.0,0.0,0.0,0.0,0.19,0.44,0.06,0.0,0.06,0.0,0.44,0.61,0.0,0.0,0.42,0.61,0,0,0,1,0,0
PittMi00,ARI,RB,23,15,0,0,0,0,0.0,0,0,29,91,3.14,0,0.0,0,0,0.0,0,1,1.0,0,0.0,0.0,7.0,7.1,8.1,7.1,0.0,117,0.0,0.0,0.0,0.0,0.0,1.93,6.07,0.0,0.0,0.0,0.07,0.0,0.0,0.47,0.47,0.0,0.47,0.0,0.0,0,1,0,0,0,0
WhitAl00,JAX,WR,24,16,0,0,0,0,0.0,0,0,3,13,4.33,0,6.0,2,61,30.5,0,0,0.0,0,0.0,0.0,7.0,9.4,9.4,8.4,0.0,129,0.0,0.0,0.0,0.0,0.0,0.19,0.81,0.12,3.81,0.0,0.0,0.0,0.0,0.44,0.59,0.0,0.08,0.38,0.51,0,0,1,0,0,0
CarrRa00,CAR,WR,24,2,1,0,0,0,0.0,0,0,0,0,0.0,0,5.0,4,59,14.75,0,0,0.0,0,0.0,0.0,6.0,9.9,9.9,7.9,0.0,135,0.0,0.0,0.0,0.0,0.0,0.0,0.0,2.0,29.5,0.0,0.0,0.0,0.0,3.0,4.95,0.0,0.0,2.95,4.95,0,0,1,0,0,0
DeLoGr00,MIN,TE,25,15,5,0,0,0,0.0,0,0,0,0,0.0,0,10.0,8,58,7.25,0,0,0.0,0,0.0,0.0,6.0,13.8,13.8,9.8,0.0,60,0.0,0.0,0.0,0.0,0.0,0.0,0.0,0.53,3.87,0.0,0.0,0.0,0.0,0.4,0.92,0.0,0.0,0.39,0.92,0,0,0,1,0,0
GrazTo00,ATL,QB,25,4,1,16,33,199,6.03,0,2,4,21,5.25,0,1.0,0,0,0.0,0,0,0.0,0,0.0,0.0,6.0,6.1,8.1,8.1,0.0,65,0.0,4.0,8.25,49.75,0.5,1.0,5.25,0.0,0.0,0.0,0.0,0.0,0.0,1.5,1.52,0.99,0.52,0.0,0.0,1,0,0,0,0,0
HayeDo00,CAR,WR,23,7,0,0,0,0,0.0,0,0,0,0,0.0,0,9.0,3,62,20.67,0,0,0.0,0,0.0,0.0,6.0,9.2,9.2,7.7,0.0,132,0.0,0.0,0.0,0.0,0.0,0.0,0.0,0.43,8.86,0.0,0.0,0.0,0.0,0.86,1.31,0.0,0.0,0.89,1.31,0,0,1,0,0,0
JellDi00,PHI,WR,26,9,0,0,0,0,0.0,0,0,2,9,4.5,0,9.0,2,53,26.5,0,0,0.0,0,0.0,0.0,6.0,8.2,8.2,7.2,0.0,134,0.0,0.0,0.0,0.0,0.0,0.22,1.0,0.22,5.89,0.0,0.0,0.0,0.0,0.67,0.91,0.0,0.1,0.59,0.81,0,0,1,0,0,0
KentJo00,TEN,WR,24,10,0,0,0,0,0.0,0,0,0,0,0.0,0,8.0,4,62,15.5,0,0,0.0,0,0.0,0.0,6.0,10.2,10.2,8.2,0.0,133,0.0,0.0,0.0,0.0,0.0,0.0,0.0,0.4,6.2,0.0,0.0,0.0,0.0,0.6,1.02,0.0,0.0,0.62,1.02,0,0,1,0,0,0
KrieDa00,TEN,QB,40,5,0,12,21,199,9.48,0,0,3,-1,-0.33,0,0.0,0,0,0.0,0,3,1.0,0,0.0,0.0,6.0,5.9,6.9,5.9,0.0,66,0.0,2.4,4.2,39.8,0.0,0.6,-0.2,0.0,0.0,0.0,0.6,0.0,0.0,1.2,1.18,1.59,-0.42,0.0,0.0,1,0,0,0,0,0
RobiJe00,STL,TE,28,16,0,0,0,0,0.0,0,0,0,0,0.0,0,1.0,1,4,4.0,1,0,0.0,1,0.0,0.0,6.0,7.4,7.4,6.9,0.0,59,0.0,0.0,0.0,0.0,0.0,0.0,0.0,0.06,0.25,0.06,0.0,0.06,0.0,0.38,0.46,0.0,0.0,0.4,0.46,0,0,0,1,0,0
WillMo00,MIN,RB,24,12,1,0,0,0,0.0,0,0,0,0,0.0,0,1.0,1,64,64.0,0,1,0.0,0,0.0,0.0,6.0,7.4,7.4,6.9,0.0,118,0.0,0.0,0.0,0.0,0.0,0.0,0.0,0.08,5.33,0.0,0.08,0.0,0.0,0.5,0.62,0.0,0.0,0.53,0.62,0,1,0,0,0,0
BaxtFr00,NYJ,TE,27,14,2,0,0,0,0.0,0,0,0,0,0.0,0,7.0,3,50,16.67,0,0,0.0,0,0.0,0.0,5.0,8.0,8.0,6.5,0.0,63,0.0,0.0,0.0,0.0,0.0,0.0,0.0,0.21,3.57,0.0,0.0,0.0,0.0,0.36,0.57,0.0,0.0,0.36,0.57,0,0,0,1,0,0
CarsDw00,DEN,TE,26,16,1,0,0,0,0.0,0,0,0,0,0.0,0,10.0,4,51,12.75,0,0,0.0,0,0.0,0.0,5.0,9.1,9.1,7.1,0.0,62,0.0,0.0,0.0,0.0,0.0,0.0,0.0,0.25,3.19,0.0,0.0,0.0,0.0,0.31,0.57,0.0,0.0,0.32,0.57,0,0,0,1,0,0
LestTi00,PIT,RB,30,9,7,0,0,0,0.0,0,0,0,0,0.0,0,13.0,9,46,5.11,0,0,0.0,0,0.0,0.0,5.0,13.6,13.6,9.1,0.0,120,0.0,0.0,0.0,0.0,0.0,0.0,0.0,1.0,5.11,0.0,0.0,0.0,0.0,0.56,1.51,0.0,0.0,0.51,1.51,0,1,0,0,0,0
ShedKe00,OAK,WR,27,15,0,0,0,0,0.0,0,0,0,0,0.0,0,6.0,3,50,16.67,0,0,0.0,0,0.0,0.0,5.0,8.0,8.0,6.5,0.0,136,0.0,0.0,0.0,0.0,0.0,0.0,0.0,0.2,3.33,0.0,0.0,0.0,0.0,0.33,0.53,0.0,0.0,0.33,0.53,0,0,1,0,0,0
WalsCh00,MIN,WR,30,15,0,0,0,0,0.0,0,0,0,0,0.0,0,4.0,2,46,23.0,0,0,0.0,0,0.0,0.0,5.0,6.6,6.6,5.6,0.0,137,0.0,0.0,0.0,0.0,0.0,0.0,0.0,0.13,3.07,0.0,0.0,0.0,0.0,0.33,0.44,0.0,0.0,0.31,0.44,0,0,1,0,0,0
WheaTy00,NYG,RB,26,5,0,0,0,0,0.0,0,0,14,52,3.71,0,0.0,0,0,0.0,0,0,0.0,0,0.0,0.0,5.0,5.2,5.2,5.2,0.0,119,0.0,0.0,0.0,0.0,0.0,2.8,10.4,0.0,0.0,0.0,0.0,0.0,0.0,1.0,1.04,0.0,1.04,0.0,0.0,0,1,0,0,0,0
BushSt00,CIN,TE,24,12,2,0,0,0,0.0,0,0,0,0,0.0,0,4.0,4,39,9.75,0,0,0.0,0,0.0,0.0,4.0,7.9,7.9,5.9,0.0,64,0.0,0.0,0.0,0.0,0.0,0.0,0.0,0.33,3.25,0.0,0.0,0.0,0.0,0.33,0.66,0.0,0.0,0.32,0.66,0,0,0,1,0,0
ChamBy00,DEN,TE,27,16,0,0,0,0,0.0,0,0,0,0,0.0,0,5.0,3,35,11.67,0,0,0.0,0,0.0,0.0,4.0,6.5,6.5,5.0,0.0,65,0.0,0.0,0.0,0.0,0.0,0.0,0.0,0.19,2.19,0.0,0.0,0.0,0.0,0.25,0.41,0.0,0.0,0.22,0.41,0,0,0,1,0,0
EliaKe00,IND,RB,26,13,0,0,0,0,0.0,0,0,8,24,3.0,0,1.0,1,11,11.0,0,0,0.0,0,0.0,0.0,4.0,4.5,4.5,4.0,0.0,122,0.0,0.0,0.0,0.0,0.0,0.62,1.85,0.08,0.85,0.0,0.0,0.0,0.0,0.31,0.35,0.0,0.18,0.08,0.16,0,1,0,0,0,0
OxenKe00,ATL,RB,23,9,0,0,0,0,0.0,0,0,18,50,2.78,0,1.0,1,11,11.0,0,1,1.0,0,0.0,0.0,4.0,5.1,6.1,4.6,0.0,121,0.0,0.0,0.0,0.0,0.0,2.0,5.56,0.11,1.22,0.0,0.11,0.0,0.0,0.44,0.57,0.0,0.33,0.12,0.23,0,1,0,0,0,0
VanDAl00,NYJ,WR,24,16,0,0,0,0,0.0,0,0,0,0,0.0,0,8.0,5,40,8.0,0,0,0.0,0,0.0,0.0,4.0,9.0,9.0,6.5,0.0,138,0.0,0.0,0.0,0.0,0.0,0.0,0.0,0.31,2.5,0.0,0.0,0.0,0.0,0.25,0.56,0.0,0.0,0.25,0.56,0,0,1,0,0,0
YarbRy00,BAL,WR,27,6,1,0,0,0,0.0,0,0,0,0,0.0,0,7.0,4,39,9.75,0,0,0.0,0,0.0,0.0,4.0,7.9,7.9,5.9,0.0,139,0.0,0.0,0.0,0.0,0.0,0.0,0.0,0.67,6.5,0.0,0.0,0.0,0.0,0.67,1.32,0.0,0.0,0.65,1.32,0,0,1,0,0,0
BradCo00,GNB,WR,23,8,0,0,0,0,0.0,0,0,0,0,0.0,0,7.0,3,27,9.0,0,1,0.0,0,0.0,0.0,3.0,5.7,5.7,4.2,0.0,140,0.0,0.0,0.0,0.0,0.0,0.0,0.0,0.38,3.38,0.0,0.12,0.0,0.0,0.38,0.71,0.0,0.0,0.34,0.71,0,0,1,0,0,0
BynuKe00,SDG,RB,24,10,0,0,0,0,0.0,0,0,11,23,2.09,0,5.0,4,27,6.75,0,3,1.0,0,0.0,0.0,3.0,7.0,8.0,5.0,0.0,124,0.0,0.0,0.0,0.0,0.0,1.1,2.3,0.4,2.7,0.0,0.3,0.0,0.0,0.3,0.7,0.0,0.03,0.27,0.67,0,1,0,0,0,0
CartKi00,CIN,RB,25,1,0,0,0,0,0.0,0,0,2,4,2.0,0,6.0,6,25,4.17,0,0,0.0,0,0.0,0.0,3.0,8.9,8.9,5.9,0.0,125,0.0,0.0,0.0,0.0,0.0,2.0,4.0,6.0,25.0,0.0,0.0,0.0,0.0,3.0,8.9,0.0,0.4,2.5,8.5,0,1,0,0,0,0
FloyCh00,NWE,RB,23,16,2,0,0,0,0.0,0,0,6,22,3.67,0,2.0,1,6,6.0,0,0,0.0,0,0.0,0.0,3.0,3.8,3.8,3.3,0.0,126,0.0,0.0,0.0,0.0,0.0,0.38,1.38,0.06,0.38,0.0,0.0,0.0,0.0,0.19,0.24,0.0,0.14,0.04,0.1,0,1,0,0,0,0
HapePa00,TAM,TE,24,16,2,0,0,0,0.0,0,0,0,0,0.0,0,8.0,4,27,6.75,0,1,1.0,0,1.0,0.0,3.0,6.7,7.7,4.7,0.0,69,0.0,0.0,0.0,0.0,0.0,0.0,0.0,0.25,1.69,0.0,0.06,0.0,0.06,0.19,0.42,0.0,-0.12,0.17,0.42,0,0,0,1,0,0
HartFr00,SDG,TE,31,16,3,0,0,0,0.0,0,0,0,0,0.0,0,4.0,2,28,14.0,0,0,0.0,0,0.0,0.0,3.0,4.8,4.8,3.8,0.0,68,0.0,0.0,0.0,0.0,0.0,0.0,0.0,0.12,1.75,0.0,0.0,0.0,0.0,0.19,0.3,0.0,0.0,0.18,0.3,0,0,0,1,0,0
LucaRa00,NYJ,QB,26,15,0,1,3,27,9.0,0,0,5,23,4.6,0,0.0,0,0,0.0,0,0,0.0,0,0.0,0.0,3.0,3.4,3.4,3.4,0.0,67,0.0,0.07,0.2,1.8,0.0,0.33,1.53,0.0,0.0,0.0,0.0,0.0,0.0,0.2,0.23,0.07,0.15,0.0,0.0,1,0,0,0,0,0
ArmoJu00,DEN,WR,25,8,0,0,0,0,0.0,0,0,0,0,0.0,0,5.0,1,23,23.0,0,0,0.0,0,0.0,0.0,2.0,3.3,3.3,2.8,0.0,141,0.0,0.0,0.0,0.0,0.0,0.0,0.0,0.12,2.88,0.0,0.0,0.0,0.0,0.25,0.41,0.0,0.0,0.29,0.41,0,0,1,0,0,0
ElliJe00,TAM,RB,27,16,0,0,0,0,0.0,0,0,9,24,2.67,0,0.0,0,0,0.0,0,0,0.0,0,0.0,0.0,2.0,2.4,2.4,2.4,0.0,128,0.0,0.0,0.0,0.0,0.0,0.56,1.5,0.0,0.0,0.0,0.0,0.0,0.0,0.12,0.15,0.0,0.15,0.0,0.0,0,1,0,0,0,0
GoodHu00,MIN,TE,26,15,0,0,0,0,0.0,0,0,0,0,0.0,0,3.0,3,16,5.33,0,0,0.0,0,0.0,0.0,2.0,4.6,4.6,3.1,0.0,75,0.0,0.0,0.0,0.0,0.0,0.0,0.0,0.2,1.07,0.0,0.0,0.0,0.0,0.13,0.31,0.0,0.0,0.11,0.31,0,0,0,1,0,0
HeywCr00,IND,RB,32,4,3,0,0,0,0.0,0,0,6,15,2.5,0,1.0,1,9,9.0,0,0,0.0,0,0.0,0.0,2.0,3.4,3.4,2.9,0.0,130,0.0,0.0,0.0,0.0,0.0,1.5,3.75,0.25,2.25,0.0,0.0,0.0,0.0,0.5,0.85,0.0,0.38,0.22,0.48,0,1,0,0,0,0
HowaCh00,JAX,RB,23,8,0,0,0,0,0.0,0,0,7,16,2.29,0,1.0,1,3,3.0,0,0,0.0,0,0.0,0.0,2.0,2.9,2.9,2.4,0.0,131,0.0,0.0,0.0,0.0,0.0,0.88,2.0,0.12,0.38,0.0,0.0,0.0,0.0,0.25,0.36,0.0,0.2,0.04,0.16,0,1,0,0,0,0
HughDa00,KAN,WR,28,16,0,1,1,25,25.0,0,0,0,0,0.0,0,6.0,1,10,10.0,0,0,0.0,0,0.0,0.0,2.0,3.0,3.0,2.5,0.0,142,0.0,0.06,0.06,1.56,0.0,0.0,0.0,0.06,0.62,0.0,0.0,0.0,0.0,0.12,0.19,0.06,0.0,0.06,0.12,0,0,1,0,0,0
JordCh00,MIA,WR,29,3,0,0,0,0,0.0,0,0,0,0,0.0,0,5.0,2,17,8.5,0,2,0.0,0,0.0,0.0,2.0,3.7,3.7,2.7,0.0,143,0.0,0.0,0.0,0.0,0.0,0.0,0.0,0.67,5.67,0.0,0.67,0.0,0.0,0.67,1.23,0.0,0.0,0.57,1.23,0,0,1,0,0,0
LyonMi00,PIT,TE,28,15,0,0,0,0,0.0,0,0,0,0,0.0,0,4.0,3,19,6.33,0,0,0.0,0,0.0,0.0,2.0,4.9,4.9,3.4,0.0,73,0.0,0.0,0.0,0.0,0.0,0.0,0.0,0.2,1.27,0.0,0.0,0.0,0.0,0.13,0.33,0.0,0.0,0.13,0.33,0,0,0,1,0,0
MiliIt00,SEA,TE,25,7,0,0,0,0,0.0,0,0,0,0,0.0,0,2.0,1,20,20.0,0,0,0.0,0,0.0,0.0,2.0,3.0,3.0,2.5,0.0,72,0.0,0.0,0.0,0.0,0.0,0.0,0.0,0.14,2.86,0.0,0.0,0.0,0.0,0.29,0.43,0.0,0.0,0.29,0.43,0,0,0,1,0,0
SellMi00,WAS,TE,23,14,1,0,0,0,0.0,0,0,0,0,0.0,0,7.0,3,18,6.0,0,0,0.0,0,0.0,0.0,2.0,4.8,4.8,3.3,0.0,74,0.0,0.0,0.0,0.0,0.0,0.0,0.0,0.21,1.29,0.0,0.0,0.0,0.0,0.14,0.34,0.0,0.0,0.13,0.34,0,0,0,1,0,0
SmitDe00,DEN,RB,24,15,2,0,0,0,0.0,0,0,0,0,0.0,0,6.0,3,24,8.0,0,0,0.0,0,0.0,0.0,2.0,5.4,5.4,3.9,0.0,129,0.0,0.0,0.0,0.0,0.0,0.0,0.0,0.2,1.6,0.0,0.0,0.0,0.0,0.13,0.36,0.0,0.0,0.16,0.36,0,1,0,0,0,0
WarnKu00,STL,QB,27,1,0,4,11,39,3.55,0,0,0,0,0.0,0,0.0,0,0,0.0,0,0,0.0,0,0.0,0.0,2.0,1.6,1.6,1.6,0.0,68,0.0,4.0,11.0,39.0,0.0,0.0,0.0,0.0,0.0,0.0,0.0,0.0,0.0,2.0,1.6,1.56,0.0,0.0,0.0,1,0,0,0,0,0
AlfoBr00,NYG,WR,23,2,0,0,0,0,0.0,0,0,0,0,0.0,0,6.0,1,11,11.0,0,0,0.0,0,0.0,0.0,1.0,2.1,2.1,1.6,0.0,146,0.0,0.0,0.0,0.0,0.0,0.0,0.0,0.5,5.5,0.0,0.0,0.0,0.0,0.5,1.05,0.0,0.0,0.55,1.05,0,0,1,0,0,0
AndeRi00,NYJ,RB,27,8,1,0,0,0,0.0,0,0,1,2,2.0,0,5.0,3,12,4.0,0,0,0.0,0,0.0,0.0,1.0,4.4,4.4,2.9,0.0,132,0.0,0.0,0.0,0.0,0.0,0.12,0.25,0.38,1.5,0.0,0.0,0.0,0.0,0.12,0.55,0.0,0.02,0.15,0.52,0,1,0,0,0,0
BeasFr00,SFO,RB,24,16,0,0,0,0,0.0,0,0,0,0,0.0,0,1.0,1,11,11.0,0,0,0.0,0,0.0,0.0,1.0,2.1,2.1,1.6,0.0,133,0.0,0.0,0.0,0.0,0.0,0.0,0.0,0.06,0.69,0.0,0.0,0.0,0.0,0.06,0.13,0.0,0.0,0.07,0.13,0,1,0,0,0,0
BrocFr00,ARI,WR,24,12,0,0,0,0,0.0,0,0,0,0,0.0,0,7.0,2,12,6.0,0,0,0.0,0,0.0,0.0,1.0,3.2,3.2,2.2,0.0,145,0.0,0.0,0.0,0.0,0.0,0.0,0.0,0.17,1.0,0.0,0.0,0.0,0.0,0.08,0.27,0.0,0.0,0.1,0.27,0,0,1,0,0,0
BrowDa00,ARI,QB,28,1,0,2,5,31,6.2,0,0,1,2,2.0,0,0.0,0,0,0.0,0,0,0.0,0,0.0,0.0,1.0,1.4,1.4,1.4,0.0,69,0.0,2.0,5.0,31.0,0.0,1.0,2.0,0.0,0.0,0.0,0.0,0.0,0.0,1.0,1.4,1.24,0.2,0.0,0.0,1,0,0,0,0,0
ComeGr00,NYG,RB,23,16,0,0,0,0,0.0,0,0,1,6,6.0,0,4.0,1,3,3.0,0,0,0.0,0,0.0,0.0,1.0,1.9,1.9,1.4,0.0,134,0.0,0.0,0.0,0.0,0.0,0.06,0.38,0.06,0.19,0.0,0.0,0.0,0.0,0.06,0.12,0.0,0.04,0.02,0.08,0,1,0,0,0,0
CottKe00,BAL,RB,24,12,0,0,0,0,0.0,0,0,2,8,4.0,0,0.0,0,0,0.0,0,0,0.0,0,0.0,0.0,1.0,0.8,0.8,0.8,0.0,135,0.0,0.0,0.0,0.0,0.0,0.17,0.67,0.0,0.0,0.0,0.0,0.0,0.0,0.08,0.07,0.0,0.07,0.0,0.0,0,1,0,0,0,0
FarqJo00,NOR,TE,26,5,0,0,0,0,0.0,0,0,0,0,0.0,0,5.0,1,13,13.0,0,0,0.0,0,0.0,0.0,1.0,2.3,2.3,1.8,0.0,77,0.0,0.0,0.0,0.0,0.0,0.0,0.0,0.2,2.6,0.0,0.0,0.0,0.0,0.2,0.46,0.0,0.0,0.26,0.46,0,0,0,1,0,0
HarrRo00,2TM,WR,28,8,0,0,0,0,0.0,0,0,0,0,0.0,0,2.0,1,14,14.0,0,2,0.0,0,0.0,0.0,1.0,2.4,2.4,1.9,0.0,144,0.0,0.0,0.0,0.0,0.0,0.0,0.0,0.12,1.75,0.0,0.25,0.0,0.0,0.12,0.3,0.0,0.0,0.18,0.3,0,0,1,0,0,0
HuarDa00,MIA,QB,25,2,0,6,9,85,9.44,0,1,0,0,0.0,0,0.0,0,0,0.0,0,0,0.0,0,0.0,0.0,1.0,1.4,2.4,2.4,0.0,70,0.0,3.0,4.5,42.5,0.5,0.0,0.0,0.0,0.0,0.0,0.0,0.0,0.0,0.5,0.7,0.7,0.0,0.0,0.0,1,0,0,0,0,0
JohnJi00,PHI,TE,32,3,3,0,0,0,0.0,0,0,0,0,0.0,0,2.0,2,14,7.0,0,0,0.0,0,0.0,0.0,1.0,3.4,3.4,2.4,0.0,76,0.0,0.0,0.0,0.0,0.0,0.0,0.0,0.67,4.67,0.0,0.0,0.0,0.0,0.33,1.13,0.0,0.0,0.47,1.13,0,0,0,1,0,0
JohnTo00,NOR,TE,26,11,0,0,0,0,0.0,0,0,0,0,0.0,0,4.0,1,8,8.0,0,0,0.0,0,0.0,0.0,1.0,1.8,1.8,1.3,0.0,81,0.0,0.0,0.0,0.0,0.0,0.0,0.0,0.09,0.73,0.0,0.0,0.0,0.0,0.09,0.16,0.0,0.0,0.07,0.16,0,0,0,1,0,0
JordAn00,PHI,TE,26,3,0,0,0,0,0.0,0,0,0,0,0.0,0,2.0,2,9,4.5,0,0,0.0,0,0.0,0.0,1.0,2.9,2.9,1.9,0.0,80,0.0,0.0,0.0,0.0,0.0,0.0,0.0,0.67,3.0,0.0,0.0,0.0,0.0,0.33,0.97,0.0,0.0,0.3,0.97,0,0,0,1,0,0
MangKr00,CAR,TE,25,6,0,0,0,0,0.0,0,0,0,0,0.0,0,1.0,1,5,5.0,0,0,0.0,0,0.0,0.0,1.0,1.5,1.5,1.0,0.0,85,0.0,0.0,0.0,0.0,0.0,0.0,0.0,0.17,0.83,0.0,0.0,0.0,0.0,0.17,0.25,0.0,0.0,0.08,0.25,0,0,0,1,0,0
MattSt00,TEN,QB,28,1,0,2,3,24,8.0,0,0,0,0,0.0,0,0.0,0,0,0.0,0,0,0.0,0,0.0,0.0,1.0,1.0,1.0,1.0,0.0,71,0.0,2.0,3.0,24.0,0.0,0.0,0.0,0.0,0.0,0.0,0.0,0.0,0.0,1.0,1.0,0.96,0.0,0.0,0.0,1,0,0,0,0,0
MoorWi00,JAX,WR,28,16,0,0,0,0,0.0,0,0,0,0,0.0,0,4.0,1,9,9.0,0,0,0.0,0,0.0,0.0,1.0,1.9,1.9,1.4,0.0,147,0.0,0.0,0.0,0.0,0.0,0.0,0.0,0.06,0.56,0.0,0.0,0.0,0.0,0.06,0.12,0.0,0.0,0.06,0.12,0,0,1,0,0,0
MorrHa00,MIN,RB,25,11,0,0,0,0,0.0,0,0,3,7,2.33,0,0.0,0,0,0.0,0,0,0.0,0,0.0,0.0,1.0,0.7,0.7,0.7,0.0,136,0.0,0.0,0.0,0.0,0.0,0.27,0.64,0.0,0.0,0.0,0.0,0.0,0.0,0.09,0.06,0.0,0.06,0.0,0.0,0,1,0,0,0,0
SlutSc00,NOR,TE,26,3,0,0,0,0,0.0,0,0,0,0,0.0,0,1.0,1,10,10.0,0,0,0.0,0,0.0,0.0,1.0,2.0,2.0,1.5,0.0,79,0.0,0.0,0.0,0.0,0.0,0.0,0.0,0.33,3.33,0.0,0.0,0.0,0.0,0.33,0.67,0.0,0.0,0.33,0.67,0,0,0,1,0,0
SpenBl00,NYJ,TE,23,5,0,0,0,0,0.0,0,0,0,0,0.0,0,1.0,1,5,5.0,0,0,0.0,0,0.0,0.0,1.0,1.5,1.5,1.0,0.0,84,0.0,0.0,0.0,0.0,0.0,0.0,0.0,0.2,1.0,0.0,0.0,0.0,0.0,0.2,0.3,0.0,0.0,0.1,0.3,0,0,0,1,0,0
StonDw00,CAR,WR,34,16,0,0,0,0,0.0,0,0,0,0,0.0,0,3.0,1,7,7.0,0,0,0.0,0,0.0,0.0,1.0,1.7,1.7,1.2,0.0,149,0.0,0.0,0.0,0.0,0.0,0.0,0.0,0.06,0.44,0.0,0.0,0.0,0.0,0.06,0.11,0.0,0.0,0.04,0.11,0,0,1,0,0,0
WilcJo00,NOR,TE,24,3,1,0,0,0,0.0,0,0,0,0,0.0,0,1.0,1,10,10.0,0,0,0.0,0,0.0,0.0,1.0,2.0,2.0,1.5,0.0,78,0.0,0.0,0.0,0.0,0.0,0.0,0.0,0.33,3.33,0.0,0.0,0.0,0.0,0.33,0.67,0.0,0.0,0.33,0.67,0,0,0,1,0,0
BrowRe00,SEA,RB,25,15,1,0,0,0,0.0,0,0,1,2,2.0,0,0.0,0,0,0.0,0,0,0.0,0,0.0,0.0,0.0,0.2,0.2,0.2,0.0,138,0.0,0.0,0.0,0.0,0.0,0.07,0.13,0.0,0.0,0.0,0.0,0.0,0.0,0.0,0.01,0.0,0.01,0.0,0.0,0,1,0,0,0,0
CherMi00,NYG,QB,25,1,0,0,1,0,0.0,0,0,3,-3,-1.0,0,0.0,0,0,0.0,0,0,0.0,0,0.0,0.0,0.0,-0.3,-0.3,-0.3,0.0,75,0.0,0.0,1.0,0.0,0.0,3.0,-3.0,0.0,0.0,0.0,0.0,0.0,0.0,0.0,-0.3,0.0,-0.3,0.0,0.0,1,0,0,0,0,0
DrucJi00,SFO,QB,26,2,0,0,0,0,0.0,0,0,3,-4,-1.33,0,0.0,0,0,0.0,0,0,0.0,0,0.0,0.0,0.0,-0.4,-0.4,-0.4,0.0,76,0.0,0.0,0.0,0.0,0.0,1.5,-2.0,0.0,0.0,0.0,0.0,0.0,0.0,0.0,-0.2,0.0,-0.2,0.0,0.0,1,0,0,0,0,0
GreeSc00,IND,RB,26,5,0,0,0,0,0.0,0,0,0,0,0.0,0,1.0,1,2,2.0,0,0,0.0,0,0.0,0.0,0.0,1.2,1.2,0.7,0.0,139,0.0,0.0,0.0,0.0,0.0,0.0,0.0,0.2,0.4,0.0,0.0,0.0,0.0,0.0,0.24,0.0,0.0,0.04,0.24,0,1,0,0,0,0
PupuAl00,NYG,TE,29,9,0,0,0,0,0.0,0,0,0,0,0.0,0,2.0,1,2,2.0,0,0,0.0,0,0.0,0.0,0.0,1.2,1.2,0.7,0.0,87,0.0,0.0,0.0,0.0,0.0,0.0,0.0,0.11,0.22,0.0,0.0,0.0,0.0,0.0,0.13,0.0,0.0,0.02,0.13,0,0,0,1,0,0
QuinMi00,DAL,QB,24,3,0,1,1,10,10.0,0,0,5,-6,-1.2,0,0.0,0,0,0.0,0,0,0.0,0,0.0,0.0,0.0,-0.2,-0.2,-0.2,0.0,74,0.0,0.33,0.33,3.33,0.0,1.67,-2.0,0.0,0.0,0.0,0.0,0.0,0.0,0.0,-0.07,0.13,-0.2,0.0,0.0,1,0,0,0,0,0
VanPAl00,BUF,QB,28,1,0,0,0,0,0.0,0,0,1,-1,-1.0,0,0.0,0,0,0.0,0,0,0.0,0,0.0,0.0,0.0,-0.1,-0.1,-0.1,0.0,73,0.0,0.0,0.0,0.0,0.0,1.0,-1.0,0.0,0.0,0.0,0.0,0.0,0.0,0.0,-0.1,0.0,-0.1,0.0,0.0,1,0,0,0,0,0
CrocZa00,2TM,RB,26,12,2,0,0,0,0.0,0,0,2,5,2.5,0,4.0,2,5,2.5,0,1,1.0,0,0.0,0.0,-1.0,1.0,2.0,0.0,0.0,157,0.0,0.0,0.0,0.0,0.0,0.17,0.42,0.17,0.42,0.0,0.08,0.0,0.0,-0.08,0.08,0.0,-0.12,0.04,0.21,0,1,0,0,0,0
FiedJa00,MIN,QB,27,5,0,3,7,41,5.86,0,1,4,-6,-1.5,0,0.0,0,0,0.0,0,0,0.0,0,0.0,0.0,-1.0,-1.0,0.0,0.0,0.0,77,0.0,0.6,1.4,8.2,0.2,0.8,-1.2,0.0,0.0,0.0,0.0,0.0,0.0,-0.2,-0.2,-0.07,-0.12,0.0,0.0,1,0,0,0,0,0
MoorRo01,MIA,RB,28,1,1,0,0,0,0.0,0,0,4,12,3.0,0,1.0,1,1,1.0,0,1,1.0,0,0.0,0.0,-1.0,0.3,1.3,-0.2,0.0,156,0.0,0.0,0.0,0.0,0.0,4.0,12.0,1.0,1.0,0.0,1.0,0.0,0.0,-1.0,0.3,0.0,-0.8,0.1,1.1,0,1,0,0,0,0
GrieBr00,DEN,QB,23,1,0,1,3,2,0.67,0,1,4,-4,-1.0,0,0.0,0,0,0.0,0,1,0.0,0,0.0,0.0,-2.0,-2.3,-1.3,-1.3,0.0,78,0.0,1.0,3.0,2.0,1.0,4.0,-4.0,0.0,0.0,0.0,1.0,0.0,0.0,-2.0,-2.3,-1.92,-0.4,0.0,0.0,1,0,0,0,0,0
WalsSt00,TAM,QB,32,5,0,9,19,58,3.05,0,3,0,0,0.0,0,0.0,0,0,0.0,0,0,0.0,0,0.0,0.0,-4.0,-3.7,-0.7,-0.7,0.0,79,0.0,1.8,3.8,11.6,0.6,0.0,0.0,0.0,0.0,0.0,0.0,0.0,0.0,-0.8,-0.74,-0.74,0.0,0.0,0.0,1,0,0,0,0,0
